"f:0","f:1",":0",":1",":2"
0.0,-0.8509617137365727,1.0,0.17499999999971722,0
0.12023938862345859,-0.851328669174609,0.9592997585752877,0.1704948860277815,0
0.0,-0.8463578687524503,1.0,0.199999999999714,0
0.07831092317740371,-0.8490844496465779,0.9796498792876438,0.18524744301374774,0
0.0,-0.8547146015627352,1.0,0.1499999999997204,0
0.053493235660540726,-0.8531861773492292,0.9796498792876438,0.16024744301375096,0
0.31955758625193587,-0.835715926190487,0.9159360737988322,0.1967072650380774,0
0.12002486114152895,-0.8650579416192661,0.910059655119917,0.1410881557825486,0
0.19875096659624275,-0.8576677179114923,0.9129978644593746,0.16889771041031298,0
0.13765939040255457,-0.856499995863276,0.9346797068476024,0.15579152090516507,0
0.211282838747438,-0.8458027173004651,0.9376179161870599,0.18360107553292945,0
0.27399124013247284,-0.8409165094466474,0.9576951807472893,0.2249579225438433,0
0.11902001740705757,-0.8504165847212725,0.9788475903736447,0.21247896127177865,0
0.18479222310873286,-0.8445000645694338,0.9584974696612885,0.1977264042858124,0
0.3200705101439659,-0.8300821147377535,0.9368156272730608,0.21083259379096037,0
0.061569189049385624,-0.8598679729634061,0.9544592882063154,0.1234138475005987,0
0.09359962153737812,-0.8613404846973467,0.9322594716631163,0.13225100164157366,0
0.08664852540111705,-0.856272760083503,0.9568795233908016,0.1469543667641901,0
0.04091561711694957,-0.8569893638248676,0.9772296441031577,0.13670692375015955,0
0.0,-0.8606491567158001,1.0,0.09999999999986023,0
0.027397690885412426,-0.8599330511488736,0.9772296441031577,0.11170692375022946,0
0.0,-0.8580533519743697,1.0,0.12499999999979032,0
0.0,-0.845745354383958,1.0,0.2499999999998516,0
0.16187039670342163,-0.8501253628671447,0.9788475903736447,0.23747896127184745,0
0.0,-0.8570583329351736,1.0,0.2249999999997828,0
0.18230526798625418,-0.8837789051433126,0.8728156011377403,0.1713734823920551,0
0.15433898056003553,-0.8707361779993278,0.8914376281288287,0.15623081908730185,0
0.2662169118230755,-0.863770951903626,0.8943758374682862,0.18404037371506626,0
0.46001758834634054,-0.8879098030836368,0.8790647471592651,0.2174546151836989,0
0.4024642318502746,-0.8427234566499491,0.8975004104790487,0.20708094011088815,0
0.30224513721038176,-0.8871640296458569,0.8759401741485027,0.194414048787877,0
0.6026806279970197,-0.7979824939415182,0.9166666662456743,0.2499999996032265,0
0.6808547847420838,-0.73241843374796,0.8978657067024697,0.2337273073934627,0
0.47646808529302587,-0.8018768811557152,0.9163013700222533,0.22335363232065195,0
0.44255452194927897,-0.8148761397331414,0.9371809234964819,0.2374789610735349,0
0.5129161428117845,-0.8584387167661324,0.954268585863942,0.2825453845944093,0
0.40949666461060563,-0.9123116143472026,1.0,0.3,0
0.23842305242390277,-0.954834505357809,0.9771342929319711,0.26627269229713046,0
0.0,-1.025051728486589,1.0,0.2749999999999258,0
0.33007748667153214,-0.9439538403929525,0.9771342929319711,0.29127269229720465,0
0.052356778221342694,-0.8672193411937063,0.9058358391441277,0.09536359066223007,0
0.06399575805270544,-0.8637605752795399,0.9301475636752216,0.10938871908141438,0
0.07898565597114614,-0.8667726415379022,0.9079477471320223,0.11822587322238934,0
0.04893721921914864,-0.8759836200759898,0.8633589711739011,0.1210265515315312,0
0.09415488781068815,-0.8804990343279763,0.8680872861558206,0.14620001696179316,0
0.09031235568052257,-0.8719223952401279,0.886709313146909,0.1310573536570399,0
0.0568669922073711,-0.8706657041839732,0.8845974051590144,0.10819507109688065,0
0.3954421582104894,-0.8423448243901507,0.9559818833056157,0.2537516535691263,0
0.6763747963696084,-0.7365576249255558,0.9354676260548082,0.2662726920988179,0
0.029942509374230403,-0.8636847904816476,0.9528182936011194,0.07470461604985468,0
0.0,-0.8630274135796488,1.0,0.05,0
0.01968334215695446,-0.8619404221616402,0.9764091468005597,0.08735230802485745,0
0.015314892012020374,-0.8631241346489849,0.9764091468005597,0.06235230802492734,0
0.0,-0.8622959982537844,1.0,0.07499999999993012,0
0.04310170233849871,-0.8649351564609034,0.9293270663726235,0.08503410335604238,0
0.04189638908651316,-0.8622690943890435,0.9536387909037174,0.09905923177522669,0
-0.033504163469566944,-0.8887054616522695,0.8235755033251437,0.1505313701783816,0
0.00038892188292353173,-0.9999999243698833,0.8333333339983802,0.2,0
-0.029816283695665646,-0.9184920761407778,0.828454418661762,0.17526568508919083,0
0.06385998925892175,-0.8965454189087438,0.8481955522314419,0.16095242628521836,0
0.024546158049740634,-0.8827427277667306,0.8434672372495224,0.13577896085495642,0
-0.018732833755243913,-0.8731771417250157,0.8176353956698725,0.1029975019195134,0
0.01569895527743599,-0.8695579345404598,0.8587393492936539,0.06757536779501272,0
0.025601057042826045,-0.866798436808749,0.9071599453801024,0.04869949460895831,0
0.023502498810007887,-0.8681305761666935,0.8829496473368781,0.058137431201985515,0
0.03405949603096433,-0.8691739778221048,0.8822875942188908,0.0814694792286214,0
0.035668111218829644,-0.8669655460526076,0.906497892262115,0.07203154263559419,0
0.030878950323131666,-0.8654325659417302,0.9299891194906109,0.061702055329406494,0
0.022750857862950512,-0.8648797990510598,0.9542798838387726,0.03255346740044907,0
0.024076744768812282,-0.8643601341445175,0.953549088719946,0.05362904172515187,0
0.01573823074466041,-0.8636226675984771,0.9771399419193862,0.04127673370022454,0
0.3808675290473877,-0.9246296152067285,0.8561990405788227,0.20872730759184946,0
0.15743060869628184,-0.9192270920940897,0.8530744675680602,0.18568674119602757,0
0.027249724662189105,-0.8719160849307189,0.8610491602337775,0.09430095966327195,0
0.010610938933102186,-0.8758483752722566,0.8404971834218868,0.1120120267255223,0
0.004326929645022438,-0.8715045170760136,0.8381873724817632,0.08528643485726306,0
-0.024969796688651697,-0.8787348964846136,0.8206054494975081,0.1267644360489475,0
0.024758036496100092,-0.8657487160200953,0.9307199146094375,0.04062648100470369,0
-0.21123725151295822,-0.8740343983081406,0.7845259269189709,0.1742922359828752,0
-0.11805185110442001,-0.8885976365424583,0.8040507151220573,0.16241180308062841,0
-0.19496968742474982,-0.9115734073901673,0.8089296304586755,0.1871461179914376,0
-0.4582655783230529,-0.8888153124942441,0.7876019181822315,0.2174546161318428,0
-0.316736536783052,-0.8789883189235126,0.7860639225506012,0.195873426057359,0
-0.38116038184884143,-0.9245089308972876,0.8104676260903059,0.2087273080659214,0
-0.0899252382329761,-0.869343231017616,0.7790236698485606,0.1307017360013552,0
-0.13628931900515542,-0.8717115742561076,0.7817747983837657,0.1524969859921152,0
-0.07772086357694726,-0.8785540090907861,0.8012995865868522,0.14061655308986842,0
-0.050988618809060714,-0.8727729093098764,0.7983295327592166,0.1168496189604343,0
-0.04255393879844953,-0.8662666077053378,0.7725780173793495,0.08737247550699537,0
-0.011408053544163516,-0.8680514574463511,0.8093423644288854,0.05263992805842223,0
-0.014673897527217143,-0.8698617639817674,0.8134888800493789,0.07781871498896781,0
0.0004476648820988348,-0.8692347459665641,0.8340408568612696,0.060107647926717474,0
0.0035175698304120767,-0.86812878245266,0.8423476426535264,0.03610792712379288,0
0.011484681739187126,-0.8675311628343262,0.8722344674730769,0.02045868000103788,0
0.013315598156758006,-0.8682166788589577,0.8654869083833654,0.0440170238980253,0
0.01842653560361858,-0.8673618535176698,0.8896972064265896,0.0345790873049981,0
0.01702008005879727,-0.8667865259047963,0.9166868884367521,1.905838725537101e-05,0
0.02013745828136249,-0.8666500002662678,0.9119234169084272,0.02435927649810684,0
0.021606748741419993,-0.8660748755494057,0.9354833861377623,0.01628626289385222,0
-0.025020241150313746,-0.8676684549474619,0.7909601909041175,0.0700062017827088,0
-0.03603866904829628,-0.8697072303483462,0.795106706524611,0.09518498871325438,0
-0.06128039824497553,-0.8674038304526553,0.7758008436139551,0.10903710575417529,0
0.008405336069186498,-0.8687771417594243,0.8505434959735901,0.0518416474594028,0
0.008169179862447971,-0.8678501401975003,0.8572910550633016,0.02828330356241538,0
-0.003165588713470748,-0.868243628843857,0.8258450035412059,0.04437392759110755,0
0.01476978762329667,-0.867093251779496,0.8944606779549145,0.010238869194146627,0
-0.31924853172373197,-0.8254418092351685,0.7439016513349499,0.1997252858278771,0
-0.5949183532464535,-0.8037861363388469,0.750000000429317,0.2499999995953809,0
-0.4666482428532106,-0.7999785565539255,0.7469508258821335,0.224862642711629,0
-0.6817792812032987,-0.7315579346312314,0.7688009593057743,0.23372730786361184,0
-0.4114717708816634,-0.8315487745954294,0.7657517847585906,0.20858995097985994,0
-0.28056068981004223,-0.8514894421624022,0.7642137891269605,0.18700876090537616,0
-0.12960785679167594,-0.8552265906529337,0.7406676251201172,0.1484588170990129,0
-0.204440289467088,-0.8464244147868704,0.7422846382275335,0.174092051463445,0
-0.17519093865080546,-0.8603482463558391,0.762596776019544,0.16137552654094406,0
-0.11677132651575811,-0.8626194874600682,0.7598456474843389,0.13958027655018407,0
-0.06905043577464581,-0.8611440885652065,0.7441366229955793,0.1118548715184609,0
-0.036759747752284744,-0.8608959546343937,0.7263387925463407,0.07989593902750872,0
-0.025125151058161863,-0.8648274754283324,0.7592673107859325,0.04771279475932996,0
-0.04327199029529041,-0.8632925714526413,0.7494584049628451,0.08363420726725204,0
-0.03213158473551153,-0.8652936034919426,0.765922664082641,0.06754263513316267,0
-0.0319904201181109,-0.8631514278750241,0.7428030516661366,0.06380436689341934,0
-0.05639500438028284,-0.8641579176379024,0.7583573201874644,0.09961367351272812,0
-0.05041307348494309,-0.8609179325658247,0.73523770777096,0.0958754052729848,0
-0.08286068560020808,-0.8642671092281192,0.76158014642207,0.12127830375990806,0
-0.09471070619318549,-0.8589274302194712,0.7424021240578482,0.1301568443087369,0
-0.020437829984078386,-0.8665889806701881,0.7843048376074089,0.050176361408876095,0
-0.012007188411366072,-0.8664130976696087,0.7872406026342773,0.01382076451436239,0
-0.0007440715174698594,-0.8672538060903718,0.8298742496016821,0.001394068926712464,0
0.006999517432433777,-0.8671953564512573,0.8790986420872404,-0.03252112665674579,0
0.004167430413596235,-0.8672366665096466,0.8544864458444612,-0.01556352886501666,0
0.004911680569929033,-0.8675048541510855,0.8510543585373795,0.010926374463875173,0
0.009000780908091312,-0.867249481175895,0.8756665547801586,-0.006031223327853953,0
0.011586119803926938,-0.8671157954917778,0.8978927652619962,-0.01625103413474521,0
-0.012148564725535792,-0.8670051121322995,0.7982914835315813,0.03323034628639231,0
-0.006229228639226767,-0.8669768270829828,0.8085574261179798,0.007607416720537427,0
-0.0044945597763864234,-0.8675399647787884,0.8196083070152838,0.027016998492567345,0
0.0009549283230014973,-0.8675931670738442,0.8361109461276042,0.01875099802525267,0
-0.018147211766476285,-0.8658072777057798,0.7732539567101049,0.030766779636846178,0
-0.12229148922823874,-0.8423262835980544,0.7054592847257724,0.1744437258881733,0
-0.27815862581471656,-0.8208484573233573,0.7079475557972554,0.2275987836873212,0
-0.1873328987977011,-0.8324331753295614,0.7067034202615139,0.20102125478774724,0
-0.3151971658853931,-0.8198754086057696,0.7259246035661027,0.21366203475759915,0
-0.21075884094187078,-0.8363368128101941,0.7246804680303611,0.18708450585802522,0
-0.1363410986808725,-0.847697238529272,0.7230634549229448,0.16145127149359312,0
-0.04867866703433804,-0.8546312130266376,0.7034000596790819,0.1203713975219982,0
-0.0777583203311608,-0.8496280445499871,0.7044296722024271,0.14740756170508576,0
-0.0852811913329393,-0.8544333511411673,0.7220338423995996,0.13441510731050554,0
-0.06393114952580568,-0.8574802156575407,0.7237683413373306,0.11611313452022955,0
-0.04369497543087791,-0.85821620736686,0.7148694261127113,0.10013366827475345,0
-0.017053112851807065,-0.8582808376156108,0.6893985001675702,0.07852878653407269,0
-0.022586411569377313,-0.8619924526938431,0.7124771480184092,0.03248877649576754,0
-0.01679423840064323,-0.865321218540719,0.7500606647171425,-5.717506733437495e-05,0
-0.01982556433725629,-0.8649172934863818,0.7546639877515375,0.023827809845997795,0
-0.024435661884734127,-0.8633302212454375,0.7358722294021709,0.04010078562754875,0
-0.02138650838915209,-0.8639629201936058,0.7312689063677759,0.016215800714216584,0
-0.4457591449921859,-0.8037711131598534,0.7289737781132862,0.23879939164135106,0
-0.45831389667584643,-0.8887903983019878,0.7123980827515511,0.2825453832000469,0
-0.6817754477669261,-0.731561507203743,0.7311990415904341,0.2662726913977139,0
-0.39164922161829846,-0.8222957990281878,0.7101728192744032,0.25507208344368404,0
-0.02601075123946453,-0.8614940341805815,0.719407970282375,0.056192357761638126,0
-0.028534729865793397,-0.8593577581429219,0.7078686463569555,0.0792123627807907,0
-0.01993162548074986,-0.8602140669956956,0.7009378240929898,0.055508781514920114,0
-0.02883048677940156,-0.8567937653217175,0.6963992799233261,0.09945009202803545,0
-0.014679799485606758,-0.8658090155909458,0.76865063367571,0.0068817947235140075,0
-0.00676932439724238,-0.8666449075097975,0.7876584236377441,-0.03258579410531833,0
0.00012105879992791733,-0.8670644291028458,0.8333889088450267,-0.0499999725634508,0
-0.0001904419062044104,-0.8670898475120646,0.8316315792233544,-0.024302951818369167,0
0.0031518873669382323,-0.8671640862108922,0.8562437754661336,-0.04126054961009829,0
-0.00908025446883909,-0.8664828949154045,0.7874495131360106,-0.00938251479547797,0
-0.004592704831600911,-0.8668739193965646,0.8087663366197131,-0.015595862589302933,0
-0.0029208995348693036,-0.8669233100705855,0.8105236662413854,-0.041292883334384564,0
-0.011337362813192657,-0.8661758407687072,0.7688595441774433,-0.016321484586326353,0
-0.005336080802772901,-0.8389257530321088,0.6677731079662228,0.2033646800199638,0
-0.12413683518529188,-0.8352129063492689,0.6878603318817391,0.2154817318536425,0
-0.08081786083340543,-0.8392632123376084,0.6866161963459976,0.18890420295406857,0
0.004775557917687049,-0.8474470851940736,0.6646671232585368,0.1518564377578598,0
0.0071331884487125415,-0.8553727496743525,0.6602329308051883,0.1028859590346305,0
0.0003586632499159387,-0.8588436359208724,0.6667778158434089,0.04999989026085147,0
0.0023684972335991945,-0.8577655634967786,0.6635053733242986,0.076442924647741,0
-0.0072007720372533335,-0.856762796886819,0.6748157154863792,0.09070737278435159,0
-0.007625438645749017,-0.8586866589142709,0.6780881580054896,0.06426433839746208,0
-0.0156785555869617,-0.8600087019596662,0.6896274819309091,0.0412443333783095,0
-0.05064917393708163,-0.8451963551548346,0.6850632039921546,0.16315008182301655,0
0.0016861170784587566,-0.8421904242202323,0.6662201156123798,0.1776105588889118,0
-0.031140827228208066,-0.8508001703331138,0.6840335914688094,0.136113917639929,0
-0.018268435281361625,-0.8546011359854414,0.6818164952421351,0.11162867827831435,0
0.006777729501417163,-0.8519521742933197,0.6624500270318625,0.12737119839624517,0
-0.014688329015530065,-0.8631475824070797,0.6681532075757199,0.2555136275924853,0
3.135287812854458e-07,-0.9999999999999528,0.6666666671430196,0.3,0
-0.010158611582918737,-0.9120533731817558,0.6674099373593698,0.2777568137962426,0
-0.2559224212171111,-0.8771691414209783,0.6902756451636356,0.26902950539626613,0
-0.38111778015327835,-0.924526493752903,0.6895323749472854,0.29127269160002345,0
-0.1712871450802013,-0.8423241082821876,0.6880503816864877,0.24155620563990327,0
-0.00907244929120016,-0.8425701743261304,0.6679631577709714,0.22943915380622454,0
0.28333043889021053,-0.8200420337464225,0.6254374490794592,0.228916335311551,0
0.45831540872562787,-0.8887896185963621,0.6209352537546264,0.2825453854701796,0
0.24244856606275428,-0.8782917245986955,0.6445442306651732,0.26902950653133245,0
0.38111750130746563,-0.9245266087015308,0.6438009604488231,0.2912726927350898,0
0.11886925155081496,-0.8355551276004196,0.646605278522841,0.2161405076657574,0
0.1608569133978557,-0.8438238950831473,0.6467953283275896,0.24221498145201814,0
0.3933553662808012,-0.8229317196074601,0.6231863514170428,0.2557308603908653,0
0.1346783577591919,-0.8404212684175449,0.6272648375559515,0.1796924626802834,0
0.0711224885314934,-0.853895827771346,0.6181009762090205,0.1289825013099635,0
0.09935283810318551,-0.8481956620176254,0.622682906882486,0.15433748199512345,0
0.059384577371473804,-0.844490750660838,0.6459659804072442,0.1657744502190716,0
0.04814498133976067,-0.8501111188423155,0.6413840497337786,0.14041946953391166,0
0.03509600103135196,-0.8542913349730432,0.6391669535071044,0.11593423017229701,0
0.035018538058246056,-0.8595449143319739,0.6131138590512695,0.0801369441193566,0
0.026016954214129338,-0.8571879117602417,0.6366733949282288,0.09151145157699356,0
0.017477143723017903,-0.8588569040297617,0.6399458374473392,0.06506841719010403,0
0.02282147788272226,-0.8610015428554034,0.6210369729843428,0.03261810438254525,0
0.025528354524195943,-0.8604190987771156,0.6170754160178061,0.056377524250950925,0
0.01578319312631159,-0.8594927861963579,0.6439073944138758,0.04130899732169836,0
0.19783798700604827,-0.8309403086258933,0.6263511433177054,0.2043043989959172,0
0.08089503460435629,-0.8387575359470679,0.6475189727610872,0.1915285713501236,0
0.04916583086142226,-0.8574320943593727,0.6156074176301449,0.10455972271466005,0
0.5949251513958821,-0.8037811046775051,0.5833333345788115,0.2500000011738278,0
0.35276233468669543,-0.8235955680767516,0.5817668771735012,0.202234510956951,0
0.14590667640457963,-0.861091490165959,0.5719624168950428,0.1516339010269442,0
0.16521229553422545,-0.8476669428364444,0.5996136272254972,0.1656631818536138,0
0.11069880253011848,-0.8557088920226051,0.5950316965520317,0.14030820116845386,0
0.05654772522162866,-0.8634041643349748,0.5725187926191213,0.09978842154222603,0
0.09019446160842548,-0.8630380394343471,0.572240604757082,0.12571116128458512,0
0.07041701299451532,-0.8590511130540949,0.595309884414071,0.11438546142609476,0
0.04730974762072422,-0.8609518821909984,0.5928163258351954,0.08996268283079131,0
0.025764797330481086,-0.8633749297319137,0.574165065758634,0.04876960359737274,0
0.017125675611382188,-0.8636357043812882,0.5834344417870754,9.52925984524532e-05,0
0.0202626444285319,-0.8633543996501377,0.5787997537728546,0.024432448097912597,0
0.02484425154582204,-0.8620910390657025,0.5976010193714885,0.04069385398995899,0
0.02170218467634348,-0.8625886699321506,0.6022357073857091,0.01635669849049885,0
0.44974152624955843,-0.8027726795056306,0.6043853918291353,0.2394581682426894,0
0.6817746406261347,-0.731562259414128,0.6021342941667189,0.2662726933220037,0
0.49496776618562405,-0.7937343936867155,0.5825501058761564,0.2261172560653894,0
0.3409465024056431,-0.8167458848130738,0.6036021631264802,0.215575423134251,0
0.23648731080362842,-0.8338632998591349,0.6045158573647264,0.1909634868186172,0
0.2316357881609798,-0.850398626913966,0.576864647034272,0.1769342059919476,0
0.032333909445885885,-0.8617469343830936,0.5936394624049517,0.06445327385836466,0
0.03701025048597469,-0.8633578994150259,0.5733419291888777,0.07427901256979938,0
0.45831538287469165,-0.8887896319267173,0.5457314150686702,0.2174546160728637,0
0.19949635159753373,-0.886058115923548,0.5364340889860411,0.1771905074792339,0
0.2957897541731728,-0.8597315690298794,0.5591004830797711,0.18971250921809246,0
0.17766946106265713,-0.8692721016922033,0.5541982529405419,0.16441220425308906,0
0.060533081473677766,-0.8727781203271344,0.5350282625413054,0.1250930370630355,0
0.017492351199225327,-0.8666955732644137,0.5281621197025322,0.06799438033167544,0
0.03187035767054737,-0.8689759256196838,0.5315951911219188,0.09654370869735548,0
0.0632516814600035,-0.867103825272507,0.5537735275802134,0.11244072930263077,0
0.036195533844690875,-0.8659386233097964,0.5503404561608267,0.08389140093695074,0
0.024179911425579972,-0.8649244032833456,0.5511635927305831,0.058381991964524094,0
0.011351717312786056,-0.8646790393285995,0.5392407425576887,0.01838072554265339,0
0.007116038974463775,-0.8645188616580362,0.5458556666115194,-0.03245639407552353,0
0.00902117483863656,-0.8644919824447981,0.5425482045846041,-0.00703783426643507,0
0.014737051726172679,-0.8640864704877979,0.561337592172382,0.009238009070552923,0
0.011695413815256782,-0.8642378170223541,0.5646450541992973,-0.01618055073853554,0
0.6817746496033497,-0.7315622510478759,0.5645323748237409,0.23372730862334576,0
0.4244019805221815,-0.8351575529010912,0.5637491461210857,0.20984456351490735,0
0.3191018886588429,-0.8883796528801249,0.5410827520273556,0.1973225617760488,0
0.10660039381248758,-0.8787952781227163,0.5357311757636732,0.1511417722711347,0
0.10425477318187368,-0.8689494868510185,0.5534953397181741,0.13836346904498986,0
0.018361144235950817,-0.8642528836032614,0.5567029041581614,0.03357516457001307,0
0.013845535439534993,-0.8653293186188113,0.5337014311301105,0.04318755293716442,0
1.490891717065083e-08,-1.0000000000000029,0.5000000015395389,0.2,0
0.0031851425881701764,-0.8882210176580358,0.5009048773509593,0.1499832578769041,0
0.0003420569231002138,-0.8719789116285923,0.5001872796941362,0.1039677541212298,0
-0.01569060186733935,-0.8666279408653931,0.4731856393388302,0.06589889392331164,0
-0.01114739885530824,-0.8688580242920707,0.4866864595164832,0.08493332402227072,0
0.01250189597741979,-0.8689381257435627,0.5141746996983343,0.08598106722645263,0
0.02678007291716602,-0.8733269752807968,0.5176077711177208,0.11453039559213266,0
0.04410430749298799,-0.8799493532776276,0.5179665699461324,0.1375381474699698,0
0.08410492402125061,-0.8945655984692691,0.5186694831685001,0.163586882678069,0
0.004555596102914413,-0.9164431029431741,0.5004524394452492,0.17499162893845205,0
0.16207631525598706,-0.9237126911496207,0.51821704526279,0.18859525373961694,0
0.3811175647036579,-0.9245265825677255,0.5228657083041046,0.20872730803643186,0
0.0015609801326507602,-0.877759459564176,0.5005460785225477,0.12697550599906696,0
0.0006386453414238909,-0.8673449660892106,0.5006738795206812,0.06694663712749355,0
0.0006669862217468176,-0.8655583595195037,0.5012502880443401,0.03278911879209456,0
-0.005751818091029756,-0.8661247293981579,0.48721796369158515,0.0493440063577031,0
0.007180625381276619,-0.8661420145811493,0.5147062038734362,0.050391749561885,0
0.006835056042326147,-0.865182370507235,0.5202455153010144,0.02558492216737398,0
0.00010058598856188173,-0.8647985829817315,0.4995354570676425,-0.007831911585618394,0
0.0002229973829167959,-0.8646645251512506,0.5001667247995518,-0.04999975308793865,0
0.004304306806473965,-0.8646549783884638,0.522695561839581,-0.020144152830570965,0
0.00017733723226173777,-0.8646890287700211,0.49985109093359714,-0.028915832336778524,0
0.0032613263296004634,-0.8646424575919206,0.5230111957055357,-0.04122807358173109,0
0.005079696319978338,-0.8648474209127817,0.5193880998126656,0.0052744069785174985,0
0.00031642137733758186,-0.8650550176425972,0.5003928725559913,0.012478603603238084,0
-0.1759838691996583,-0.8809546703868122,0.4605303697662466,0.1701288790240289,0
-0.45831536543759405,-0.888789640918373,0.4542685871570547,0.2174546144803838,0
-0.2972639816495718,-0.8860435016543443,0.45739947846165063,0.19379174675220634,0
-0.38111752843282487,-0.9245265975196496,0.4771342943482968,0.2087273072401919,0
-0.15397340286509334,-0.9167589838087346,0.4802651856528928,0.18506443951201446,0
-0.07821832363901332,-0.8917378379375527,0.480717623558603,0.1600560684504665,0
-0.05926732332178728,-0.8706015285643689,0.4597619515967309,0.1193760490239828,0
-0.053028921282222787,-0.8626688467016208,0.4221166435892815,0.09596647334379568,0
-0.03074928732702188,-0.8683498349991949,0.46647379546778056,0.09263747147364722,0
-0.034852064840791404,-0.8655823555540179,0.4476511414640558,0.08093268363355366,0
-0.06023197117853608,-0.865795519098732,0.4409392975930062,0.10767126118388924,0
-0.04446037607320119,-0.8786437273933464,0.48033341447384514,0.13467965345044347,0
-0.10004831554258647,-0.8751491592861612,0.4601461606814887,0.14475246402400585,0
-0.027911750438638267,-0.872504580337296,0.47997461564543353,0.1116719015726063,0
-0.02485453497472861,-0.8632953728575191,0.4242551504062824,0.04658148557862524,0
-0.023052186086441873,-0.8648588528266269,0.4487203948725563,0.056240189750968436,0
-0.03530053041315972,-0.8630357534490919,0.423185896997782,0.07127397946121046,0
-0.011032139313295749,-0.8646530445239857,0.4600446488062301,0.01765497855351659,0
-0.017879621396322674,-0.864198210713869,0.4421498996062563,0.03211823206607091,0
-0.013033199329682091,-0.8652969979626817,0.46661514407253013,0.04177693623841411,0
-0.006105490235714997,-0.8651865068708186,0.4806474684252851,0.025222048672805576,0
-0.004847705447330917,-0.8648353515209887,0.47979005293693633,0.004911533483949097,0
-0.006658498485963714,-0.8645217185866751,0.4544155351522459,-0.0326504001356599,0
-0.003954434485031045,-0.8646529600291478,0.4769754961099442,-0.020241155860639147,0
-0.002813807342594301,-0.8646431449165444,0.47729112997589884,-0.04132507661179928,0
-0.008613151859201073,-0.864489051893073,0.45723009197923803,-0.007497710791071657,0
-0.128351118454132,-0.8574217611996565,0.4151964905862133,0.1457939434497726,0
-0.047790144990672356,-0.8547540482360207,0.3715607239252763,0.1171861675084764,0
-0.057999255533182685,-0.8586407720475862,0.39683868375727893,0.10657632042613605,0
-0.08248083259690149,-0.8611233091909093,0.4186565670877474,0.12088020839678414,0
-0.08557970149975483,-0.8551112757766984,0.3933786072557448,0.13149005547912448,0
-0.3271624356190514,-0.821598273734627,0.4084325156196899,0.2023819144217115,0
-0.27725770874467787,-0.8548181010425636,0.4344814426929683,0.1862553967228702,0
-0.16164462061581877,-0.8646344313011932,0.43786343017623,0.15796141123690075,0
-0.2083417305419867,-0.8468508673736912,0.4118145031029516,0.17408792893574204,0
-0.42043262261518616,-0.8276611610332665,0.4313505513883723,0.20991826445104766,0
-0.5949251504620691,-0.8037811053686762,0.41666666726645,0.2499999994347213,0
-0.6817746447272095,-0.7315622555921625,0.43546762721175236,0.23372730695755256,0
-0.46988188693153443,-0.7987598043631912,0.41254959144306996,0.2261909569282164,0
-0.09896879195444983,-0.8655503519922156,0.4374792210914721,0.1325849962368777,0
-0.035824257896522334,-0.8596364686952851,0.3887399056823559,0.08096230057860546,0
-0.04545855934817214,-0.8608239178653202,0.4054282746358187,0.08846438696120057,0
-0.04190145424037347,-0.8575985955726708,0.3801503148038161,0.09907423404354093,0
-0.03168540871463349,-0.8617690606662536,0.40649752804431916,0.06377189307861535,0
-0.02251955391314373,-0.8610405911503681,0.379234161231733,0.03242400522820139,0
-0.016650732375335684,-0.8636479133642394,0.4168082185727778,-0.000133409354349061,0
-0.0212890268526011,-0.8626115954783254,0.3980211899022554,0.016145297936926165,0
-0.01973841916977761,-0.863346624118662,0.4205316844895301,0.02322403811213809,0
-0.024232823759976974,-0.8620868223816006,0.4017446558190077,0.03950274540341331,0
-0.025533745059609564,-0.8604638942109115,0.38398703345704444,0.05669315290340342,0
-0.014308861819802612,-0.8640836613340239,0.43842643368950396,0.008760784599583763,0
-0.011224993667451296,-0.8642439500099817,0.43561187686251185,-0.01639190474500448,0
-0.09080955947364262,-0.8418997013470113,0.3607305464307936,0.1763200143724852,0
0.006662201771229236,-0.8495517944961081,0.3302277704430543,0.1418296119713102,0
-0.031210634595642002,-0.8460476560329745,0.34547915843692395,0.1590748131718977,0
-0.028171395990206675,-0.851830594722245,0.3508942471841653,0.1295078897398933,0
0.008734282051487147,-0.8555844375624739,0.3254034655526612,0.1022998323356206,0
0.0003428608628675574,-0.8588538184542167,0.3335556325145944,0.04999956104688023,0
-0.015247037054357631,-0.8578117849594208,0.353396897526324,0.07929515463772316,0
-0.019355570746741442,-0.8595277419696825,0.3663155293790285,0.05585957993296227,0
-0.006714153118530729,-0.8584637164401182,0.34347626502045925,0.06464735784230169,0
-0.015650867818850785,-0.8595107013066112,0.3563948968731637,0.04121178313754081,0
-0.19717240888567905,-0.8350513888367056,0.38458153102524173,0.18935096439709836,0
-0.13209897658490904,-0.8471811492652178,0.3879635185085034,0.1610569789111289,0
-0.06737173728234047,-0.8492078953352485,0.36614563517803494,0.1467530909404808,0
0.00837963778827301,-0.8529060797039828,0.32781561799785774,0.1220647221534654,0
-0.01768285591173494,-0.8546834424339376,0.34848209473896874,0.1097429999220485,0
-0.005291463683711418,-0.8566461577138351,0.3394001815394926,0.09079749348667188,0
-0.027729875544891404,-0.8565135385781137,0.3624788107258001,0.09824066107309978,0
-0.026883018885927548,-0.8584970689427497,0.37106840160433996,0.08012872760816431,0
-0.3956873115222926,-0.8066888139414837,0.3813240590075347,0.245126232072106,0
-0.5205599132505595,-0.788717405310335,0.39899536313699235,0.24756311575341364,0
-0.3718368980766141,-0.8110921353477697,0.3948782873136123,0.22375407324690874,0
-0.18176381849709428,-0.8321342160619902,0.3653404592340054,0.2147092594395671,0
-0.13016379130193473,-0.8367308387016956,0.3630355028323995,0.19551463690602616,0
-0.2697909213335067,-0.8246009191683195,0.3868864874268476,0.2085455869306393,0
-0.27474610798742993,-0.8233044158299533,0.37333225912077006,0.22991774575583654,0
-0.45831542124339064,-0.8887896121414187,0.3790647480813442,0.2825453841565643,0
-0.45625130207315123,-0.8198391905187813,0.38019440354443945,0.26383580811433516,0
-0.6817746453323899,-0.731562255028164,0.3978657076738971,0.26627269179564284,0
0.10780165264571662,-0.8405569088728729,0.3033347678526527,0.1814521975762369,0
0.015274998581175364,-0.8391770844364156,0.3307356838405525,0.2131518262700584,0
0.07506532760121791,-0.8383532226292872,0.3170352258466026,0.19730201192314767,0
-0.05427629893892538,-0.8392982693430214,0.34573311513567306,0.1947359203212718,0
0.0050460595749703034,-0.8420922915359141,0.33203265714172314,0.17888610597436105,0
0.04500291195774328,-0.8456051971605844,0.3167812691478535,0.16164090477377355,0
0.06790086897835468,-0.8533489557628577,0.2901093484538878,0.1318898480637321,0
0.03611579392418471,-0.8603778699366391,0.2783450335535701,0.0812249175573343,0
0.0273184226074516,-0.8576828569448173,0.30187424955311565,0.09176237494647745,0
0.0029341486168426197,-0.857856224787615,0.3294795490336278,0.07614969669125041,0
0.017966211853855257,-0.8593251055969464,0.30595033303408226,0.06561223930210726,0
0.022816931831144183,-0.8619516323115877,0.2877941080918778,0.032682679422097,0
0.02584051294660131,-0.8612913200716976,0.28306957082272394,0.05695379848971565,0
0.01575522556321147,-0.8600017058989597,0.3106748703032361,0.04134112023448862,0
-0.08389807433826557,-0.8377138705760321,0.34803807153727895,0.21393054285481275,0
-0.07290789133053382,-0.8571751567816135,0.3410829007299946,0.2516681264655727,0
-3.3580152450310385e-07,-0.9999999999999452,0.3333333348460722,0.2999999999999999,0
-0.05185806352592901,-0.9060396813296631,0.3372081177880334,0.27583406323278625,0
-0.28188735642689566,-0.8680146531624868,0.3600738244056694,0.26710675531106853,0
-0.3811175271393487,-0.9245265980528561,0.3561990414637082,0.2912726920782821,0
0.042155663394341486,-0.8509558508447596,0.31016855944847105,0.13685973001752116,0
0.08826882271416378,-0.8473313824707991,0.29672205815327024,0.15667102281998452,0
0.03366744835457758,-0.8543527741863824,0.3077564070032745,0.11709484019967635,0
0.04947765439638922,-0.8576461634161511,0.28422719100372895,0.1065573828105332,0
-0.2408573955032933,-0.8410281399639417,0.36120347986876467,0.24839717926883934,0
-0.14487699991352834,-0.8391266393562771,0.353211679982,0.2331886929525699,0
-0.018728416653843633,-0.8439141827897537,0.33590929228527355,0.23240997636781555,0
0.15629477148929208,-0.8528523562184226,0.258112747193367,0.1586686407616115,0
0.10779673619183487,-0.8528169674096331,0.2741110478236274,0.14527924441267182,0
0.14904656258128618,-0.8442361405162288,0.2807237575230098,0.1700604191689242,0
0.335680973707308,-0.8205461151341703,0.2582734819790526,0.2040868870487066,0
0.27425807116294343,-0.8226395718541477,0.2958590097732973,0.2334947223374593,0
0.45831388538312,-0.8887904041251989,0.2876019186639616,0.2825453842128297,0
0.20791534199391123,-0.8766135236175082,0.31434240969697813,0.2671067553392012,0
0.3811177571521868,-0.9245265032346485,0.31046762675501693,0.2912726921064148,0
0.3230053834906605,-0.8179973588867872,0.27706624587617495,0.21879080469308293,0
0.21193886606737633,-0.8337930725218761,0.2808041249158526,0.19276954231247173,0
0.17482974069899476,-0.8324736407340483,0.29959688881297497,0.2074734599568481,0
0.1308134250215836,-0.8360819602008063,0.3132973468069249,0.22332327430375887,0
0.12252994721450164,-0.8472664222538204,0.3184709552516459,0.24258142440151598,0
0.3820733556705616,-0.8302385651509486,0.29173046421862947,0.2580200532751445,0
0.23090072990033741,-0.8421030900692988,0.2581931145862098,0.18137776390515903,0
0.07573772037798535,-0.861136616773271,0.2539463602397779,0.1164959137680585,0
0.04391090738933605,-0.8662550651147721,0.2277522263628168,0.08870542022025851,0
0.025414979587473196,-0.8648062426931626,0.2409961626307341,0.04767344773792326,0
0.01713752230177997,-0.8653009129858421,0.2501819946194218,0.0001715253753510955,0
0.020150253024399774,-0.8648975243488735,0.24558907862507795,0.023922486556637177,0
0.024734231839586528,-0.8633078229116895,0.26439513536130593,0.04017806358001013,0
0.021710075401452998,-0.8639358652598338,0.2689880513556498,0.01642710239872405,0
0.07697961170629244,-0.8570369640478986,0.27202785434683285,0.12419288091589531,0
0.05279593316285541,-0.8605399111587261,0.266145696896674,0.0988604156626964,0
0.05964040254024096,-0.8642290670731809,0.24084929330129734,0.10260066699415851,0
0.044367965952471854,-0.8629489456104459,0.25304862995819344,0.0849651688887964,0
0.032761376781577346,-0.8652687456188958,0.23437419449677543,0.06818943397909089,0
0.032390455669957775,-0.8629145572995269,0.2596705980921521,0.06444918264762878,0
0.10902153331083964,-0.8582414320747069,0.25602955371657243,0.137582277264835,0
0.09583170106901866,-0.8693788517663525,0.2214576277304847,0.1336229931068652,0
0.22926645136689924,-0.8733411601612721,0.2160274226630892,0.1780106162294344,0
0.458265584064823,-0.8888153095338365,0.2123980827445209,0.2174546167949231,0
0.3289847184657859,-0.8785820383484875,0.21421275270380505,0.19773261651217874,0
0.42785418818079574,-0.8250797169953409,0.23533578236178676,0.21077075192181483,0
0.594918352168705,-0.8037861371365348,0.250000000614422,0.2500000005790753,0
0.4731046964407169,-0.7993285784379113,0.2541367412967373,0.22704344381389094,0
0.6817792838095784,-0.731557932202295,0.23119904167947147,0.2337273086869992,0
0.08889937332552762,-0.8643301821389985,0.2377019939851313,0.12505945343746186,0
0.13204402728136067,-0.8620250240626296,0.23978518746192584,0.14614581693423834,0
0.1465588580970885,-0.8715558982865401,0.21874252519678694,0.1558168046681498,0
0.19989178309819314,-0.8586127822174707,0.23707008492822812,0.16833962849552295,0
0.3015089856877566,-0.847153455868399,0.2371504523210709,0.19104875163907048,0
0.4523034111382754,-0.8012978578006794,0.27292950519385967,0.2417473614582673,0
0.6817754448652451,-0.7315615099079484,0.2688009596391918,0.2662726923959525,0
0.06423898343439924,-0.8673892248897614,0.22460492704665075,0.11116420666356186,0
0.018982463574650825,-0.8731571983888724,0.1823699492276558,0.1029987066401867,0
0.011665148118092586,-0.8680403987929965,0.1906576377311859,0.0526399281089976,0
0.014927333980362601,-0.869848472389216,0.18651379347942085,0.07781931737459215,0
0.025642355577027553,-0.867676757923575,0.20920493204700136,0.07067267416462805,0
0.020740466458545808,-0.8665742974074278,0.21582690018096,0.050156687923460425,0
0.012328559502444797,-0.8663982581803084,0.2129527637827762,0.01389765832213348,0
0.012447498267703076,-0.8669926981235808,0.20180520075698105,0.03326879321556554,0
0.018465418334810125,-0.8657895116502365,0.22697446320675513,0.03078555303002837,0
0.015010668433428057,-0.8657923825362884,0.231567379201099,0.007034591848742288,0
0.0070885031760528705,-0.8666300404686982,0.2126126163427258,-0.0323916209465001,0
0.0094023106978056,-0.8664679012823258,0.212782690062751,-0.009246981312183312,0
0.011672581046801503,-0.8661590472338716,0.2313973054810738,-0.016110047785574504,0
0.03688674525858214,-0.8697303728837147,0.2050610877952363,0.09585206343022261,0
0.05305236476739727,-0.8729280335756098,0.20191378847907024,0.11831084987352596,0
0.033775643187534204,-0.8886669649420229,0.1764280598168534,0.1505319036751457,0
-0.0003889123126070208,-0.9999999243736057,0.1666666668568541,0.2,0
0.1242633000039611,-0.8893361412597889,0.19622774123997128,0.16427125995229006,0
0.20753743539799813,-0.9126415451953069,0.19134704475997166,0.18900530811471722,0
0.030083562845518,-0.9184486004623469,0.17154736333685375,0.17526595183757288,0
0.08087182565977111,-0.8788379399239181,0.19894284377366905,0.14207744839100545,0
0.02520599695352131,-0.878708616550952,0.1793990045222546,0.1267653051576662,0
-0.048581954870550545,-0.8759561012534091,0.1367097748289095,0.1209839555248386,0
-0.01537801244338863,-0.8695299685213205,0.141315313749175,0.06744209437048143,0
-0.00017804981215002502,-0.8692146786489274,0.16598647574018044,0.06004101123973951,0
-0.004046570869915599,-0.8714786489447637,0.16184263148841538,0.08522040050533407,0
-0.010317599182853734,-0.8758206080329073,0.15953986202828263,0.11199133108251265,0
-0.02689827086187935,-0.8718928931217764,0.13901254428904225,0.09421302494766001,0
0.3811603938856716,-0.9245089259346934,0.18953237480068752,0.20872730839746156,0
-0.024221352303146662,-0.8827072635784801,0.15656891732288145,0.13575792959999217,0
0.00104883823666478,-0.8672392668938028,0.1703154075898133,0.001395011334895525,0
0.00017982767522152436,-0.8670502824410268,0.1669445381499066,-0.04999931414762975,0
0.000495575759176593,-0.8670755076047919,0.16862997286985995,-0.024302151406367115,0
0.004903375704710451,-0.866859753773318,0.19146401196626955,-0.015498304805802289,0
0.003226386448073797,-0.8669091908407182,0.1897785772463162,-0.04119546754706493,0
0.006541485098529399,-0.8669622759866719,0.19163408568629475,0.007646334828514502,0
0.004785117780767336,-0.8675259117161703,0.1804865226604996,0.02701746972194656,0
-0.003236145608026368,-0.868111627935433,0.1577136509275857,0.03605091575116553,0
-0.008111674378098314,-0.8687557246218346,0.14951448233838036,0.05174650506082348,0
0.0034339954053749003,-0.8682284881443714,0.17418564432938582,0.04434542193008156,0
-0.0006589309694218599,-0.867577968440866,0.16401452925869953,0.018722963543030526,0
-0.18211363202179462,-0.8837757052525662,0.1272057710301824,0.1713766829984011,0
-0.11799703053610579,-0.8651911229514481,0.09024577828449727,0.1402668732581421,0
-0.15273911394417647,-0.8708050306582747,0.10872577465733985,0.15582177812827158,0
-0.08914339078590222,-0.8719192272567641,0.11347777655670338,0.13062541439149034,0
-0.09379995313940748,-0.8804851161802961,0.13195777292954597,0.14618031926161984,0
-0.06360866872404311,-0.8965213033077629,0.15181691542351788,0.1609542933367734,0
-0.1572573268502997,-0.9192282880334288,0.14693621894351827,0.18568834149920055,0
-0.4600175838377854,-0.8879098054194767,0.1209352533106591,0.2174546148474737,0
-0.3021493220485232,-0.8871604638581405,0.12407051217042075,0.1944156489229374,0
-0.38086752009761254,-0.9246296188932625,0.1438009600837566,0.20872730742373685,0
-0.05277589045705146,-0.8669771053627525,0.09236420016651621,0.09583773286909711,0
-0.07853904352040772,-0.8666071556484888,0.09130498922550674,0.1180523030636196,0
-0.05740833468205167,-0.8705242505532682,0.11453698749771285,0.10841084419696785,0
-0.03431891816611432,-0.8690909537479978,0.1168397569578456,0.08163991361978927,0
-0.025238919568352364,-0.8667771123308194,0.09275966171893861,0.04835388083696657,0
-0.011180452516453127,-0.8675140268725569,0.1278771925116893,0.02030512605708477,0
-0.00668614141889018,-0.8671810183664442,0.1211726926422011,-0.03271494350739166,0
-0.0038611525608271435,-0.867221926265593,0.14574405011600722,-0.01565996608624807,0
-0.0028490880380037014,-0.8671497198085627,0.14405861539605386,-0.041357128827510706,0
-0.0231788179543825,-0.8681015239478606,0.11703748773405681,0.057897987603724,0
-0.013004522505349931,-0.8681956592323097,0.13459625313043216,0.0438736102137831,0
-0.01811084664735683,-0.867341980864543,0.11031842711531395,0.03432950344702567,0
-0.03556363895342037,-0.8668707998655635,0.09256193094272741,0.07209580685303184,0
-0.007875354431869538,-0.8678322326525938,0.1427954217196375,0.028178020904125148,0
-0.0046104589274017374,-0.8674891071373431,0.1490963000507513,0.010850068695990148,0
-0.008689060810116889,-0.8672346899631972,0.1245249425769452,-0.0062049087251534445,0
-0.31944754473283404,-0.8357214802362749,0.08411564290644231,0.1967057138834608,0
-0.1971912790031283,-0.8578655049633054,0.0871807105954698,0.16848629357080147,0
-0.26604702766395427,-0.8637682761950859,0.10566070696831237,0.18404119844093095,0
-0.40236731403277487,-0.842753573888721,0.10252544810855072,0.20708016436546725,0
-0.6026806272051951,-0.7979824945395484,0.08333333398133394,0.2499999993892778,0
-0.6808547840154551,-0.7324184344234321,0.10213429364599652,0.23372730711837575,0
-0.47649458537620387,-0.8018216500239255,0.08372448844388813,0.2233528566363693,0
-0.12015988063253175,-0.8512718741477285,0.04082755460478203,0.1704694712102613,0
-0.13667799566453065,-0.8566004122145723,0.06553666644463965,0.15536817223420168,0
-0.21121293464684385,-0.8457451796580016,0.06247159875561217,0.18358759254686105,0
-0.06149705342078806,-0.8598538783798448,0.04576119907398854,0.1234119859989471,0
-0.06367794600823756,-0.8636173705656011,0.06906269962025238,0.1096248594340221,0
-0.09284279685409157,-0.8613942856327302,0.06800348867924291,0.1318394296285446,0
-0.08657991900437693,-0.8562435002918978,0.043294376839385286,0.1469407286046042,0
-0.029723285925023046,-0.8636798558027945,0.04739347334358845,0.07456760722520703,0
-0.02252572786409413,-0.8648801734934143,0.04599111500243727,0.03235918216099298,0
-0.023860155584366025,-0.8643580728356404,0.04669229417301286,0.053463394693100005,0
-0.024443830841602388,-0.865739490438492,0.06937538836068793,0.040356531498979775,0
-0.016689258897501953,-0.8667765660012133,0.08355577086212243,-0.0002096419018605061,0
-0.0198152520654986,-0.8666372876482621,0.08815771629053051,0.02407211946755303,0
-0.021301894154971013,-0.8660702593589702,0.06477344293227985,0.01607477012956624,0
-0.04277772900442397,-0.864839616149119,0.06987883675505233,0.08520267004715207,0
-0.041734669015988546,-0.8622628344983405,0.0465773362087885,0.09898979661207706,0
-0.030528064439052285,-0.8654208683538556,0.07007656753126353,0.0614607440310868,0
-0.014450658235921945,-0.8670798028932635,0.10571648168690587,0.010047742077612132,0
-0.011260426092383724,-0.8671026180633516,0.10236423175216176,-0.016462292704626083,0
-0.2740501481078177,-0.8407790415807156,0.04236800207238053,0.2249533294041555,0
0.0,-0.8462184070441073,0.0001333777925971913,0.1999996049540592,0
-0.11908358084349875,-0.8502732539261455,0.02125068993248886,0.21247646717910734,0
-0.18478814399699275,-0.8443982083795462,0.041597778338581276,0.1977114003072084,0
-0.07831668577908772,-0.8489839852395519,0.020480466198689613,0.18523453808216023,0
0.0,-0.8546610725289565,0.0002000666888959516,0.1499994074309653,0
0.0,-0.860632088950235,0.0002667555851948911,0.09999920990773714,0
0.0,-0.8630243133138976,0.0003334444814938313,0.04999901238450843,0
-0.019586962719544795,-0.861932296142499,0.02383011446439167,0.08728340856647208,0
-0.015212868482835174,-0.8631204575542124,0.02386345891254114,0.06228330980485773,0
0.0,-0.8622884070876682,0.0003001000333443612,0.07499911114612279,0
-0.3200732581410009,-0.8300051655182856,0.06324182248941142,0.21082952164380814,0
-0.4425699572774855,-0.8148150736955058,0.06285066802685724,0.23747666439671666,0
-0.5129161431564664,-0.8584387165601856,0.04573141425282911,0.282545384510861,0
-0.39553879567301536,-0.8421969243755967,0.04404970816260482,0.2537493569575082,0
-0.6763747969070311,-0.7365576244320448,0.06453237411708153,0.2662726919500694,0
0.0,-0.8508726520411264,0.00016672224074657145,0.17499950619251226,0
-0.05347591299341902,-0.8531269088213062,0.020513810646838992,0.1602344393206133,0
-0.04091275777659638,-0.8569533215552132,0.022980632881442246,0.1367056967149562,0
0.0,-0.8580232033122404,0.00023341113704542134,0.12499930866935122,0
-0.027370508689625872,-0.859914896084678,0.023013977329591716,0.11170559795334212,0
-0.01564949811644966,-0.8636234139430051,0.023162279741965552,0.04117909727275071,0
0.0,-0.8455029031054718,6.668889629861734e-05,0.2499998024770133,0
-0.40949666518656447,-0.91231161408868,0.0,0.3,0
-0.23849885229966145,-0.9547320591507635,0.022899051574563862,0.26627259349393717,0
0.0,-1.0249915401646332,3.334444814930867e-05,0.27499990123850665,0
-0.33007748742555953,-0.9439538401292876,0.022865707126414555,0.2912726922554305,0
-0.16193024660545247,-0.8499324670203687,0.02121734548433957,0.23747656594058442,0
0.0,-0.8568862430521156,0.00010003334444790433,0.22499970371553624,0
