":0",":1",":2"
1.0, 0.019983144919438693, 0
0.9801735436370319, 0.018602538853577218, 0
0.9854965836697227, 0.033324807422972974, 0
1.0, 0.039215464465000086, 0
0.9684683890186214, 0.03631806776242315, 0
0.9833457823647955, 0.04883156919497122, 0
1.0, 0.05844767392494415, 0
0.9606738000541278, 0.014734785535300839, 0
0.9468134632955525, 0.030562518913400914, 0
0.9535707356057836, 0.05145696790066369, 0
0.9701510730476457, 0.055680226015879145, 0
0.9832129039628641, 0.06666524910552346, 0
1.0, 0.07767984644078048, 0
0.9416192067739088, 0.0090461528818901, 0
0.933941321279676, 0.0468889650971298, 0
0.9421709043198191, 0.06886248653400881, 0
0.9640499036461703, 0.07306331120788095, 0
0.9826768391350511, 0.08525589571301359, 0
1.0, 0.09691199176893844, 0
0.924416315031394, 0.02686526457457636, 0
0.922899366090901, 0.002326142372412099, 0
0.9223279519867388, 0.06749435876635075, 0
0.9134747096550564, 0.050530072277468106, 0
0.903487524309225, 0.03299076118391956, 0
0.9075455819290436, 0.014970533518267864, 0
0.9042718963306488, -0.0046487984477279936, 0
0.9310187098656707, 0.08647982120090734, 0
0.9503533029428987, 0.08817097424637814, 0
0.9672197500330174, 0.09106681306220016, 0
0.9799756930432253, 0.1063315729708665, 0
1.0, 0.11614411283517086, 0
0.902295044988112, 0.06711497019940252, 0
0.9110670698125357, 0.08508984717747207, 0
0.9198391111771272, 0.10306471817882272, 0
0.9397907523122059, 0.10445468548478516, 0
0.9597423934029108, 0.1058446606412672, 0
0.9661342377819261, 0.12221480561079484, 0
0.9840566457293686, 0.12688277254933528, 0
1.0, 0.1353762112059684, 0
0.8935093644597502, 0.04933631070581385, 0
0.8844840036224841, 0.03332682104465607, 0
0.8941397955893327, 0.021162322657195996, 0
0.8898225772686514, 0.0069909314360588806, 0
0.8854637349823624, -0.011115359391266847, 0
0.8911154137792222, 0.08369989033849763, 0
0.8823433739998916, 0.06572498494671586, 0
0.8735690488940479, 0.047782811957779774, 0
0.8646674309282895, 0.031389089539420406, 0
0.8763270515385437, 0.017915129375916706, 0
0.8712239143104128, 0.0013580133071444433, 0
0.8662640221327472, -0.016287942850854106, 0
0.8998874691657698, 0.10167475101816995, 0
0.9086595129038864, 0.11964967767436595, 0
0.9286111683816558, 0.12103957755712946, 0
0.9481661124599645, 0.12216208234745242, 0
0.9560248884237668, 0.13870638654515588, 0
0.9715049819557801, 0.1365048904159096, 0
0.9843800898898807, 0.14549155686022228, 0
1.0, 0.15460828848307612, 0
0.8711636556444917, 0.0823110898779704, 0
0.8623913064833608, 0.06434043416423552, 0
0.8536191523512136, 0.04636646697541154, 0
0.8447840112035062, 0.029296220388338966, 0
0.854661573202808, 0.012610063169608466, 0
0.8550132963882913, -0.004827190979676291, 0
0.8466299298623993, -0.019394007050028857, 0
0.8799357847343806, 0.10028493478003302, 0
0.8887078393159135, 0.11825986762402325, 0
0.8974799277177058, 0.13623466248175442, 0
0.9174315828373609, 0.13762451985490637, 0
0.9370987863000432, 0.13868685112200052, 0
0.9461553296782276, 0.15698922136209306, 0
0.9667960899348077, 0.1558165658816719, 0
0.9839134682370217, 0.16422431421370154, 0
1.0, 0.17384033994433776, 0
0.8512118931495573, 0.08092151706869104, 0
0.8599840094767249, 0.09889557126593301, 0
0.8687560609400867, 0.11687046594067367, 0
0.8775282292680461, 0.13484501287391443, 0
0.886300373019644, 0.1528196170021229, 0
0.9062520144504342, 0.15420946278441533, 0
0.9262036664773081, 0.15559932734213505, 0
0.9349757599980821, 0.1735741167984739, 0
0.9544992431638091, 0.17445416741637854, 0
0.9708097304017038, 0.17361045353554538, 0
0.9836280604622966, 0.18339574035432687, 0
1.0, 0.19307236041807385, 0
0.8424398466843692, 0.06294693921135197, 0
0.8336677500568529, 0.044971479331809144, 0
0.8248357867833961, 0.02800709618729463, 0
0.8353667638532555, 0.015382368134351593, 0
0.836287039301171, -0.002422066847680696, 0
0.8267610240123361, -0.019865632377039075, 0
0.8400318601187791, 0.09750722803048284, 0
0.8312598055899773, 0.07953202135166734, 0
0.8224882334748332, 0.06155550069049408, 0
0.8137160680297549, 0.04358037986071841, 0
0.8049194637430871, 0.02686879324911321, 0
0.816265407129388, 0.009420530001347299, 0
0.8182761024873209, -0.006588701006971015, 0
0.807013215978988, -0.017607572521493038, 0
0.8488038391110023, 0.11548271272113532, 0
0.8575763286000143, 0.13345620732073726, 0
0.8663575379996328, 0.1513025111492187, 0
0.8751208466601365, 0.16940456440776616, 0
0.8950724629507376, 0.17079443225958582, 0
0.9150241015083327, 0.1721842721692998, 0
0.9237962022035727, 0.1901590511876416, 0
0.9437478715077641, 0.19154886267525434, 0
0.9651997966518746, 0.19262322273269905, 0
0.9835800856955045, 0.20260338296372932, 0
1.0, 0.2123043487007208, 0
0.8200789124195412, 0.09612067497102263, 0
0.8113066238375167, 0.07814549308669981, 0
0.8025365481955841, 0.06016504147069099, 0
0.793751068876821, 0.0423804738156575, 0
0.7833037429310244, 0.024595449101651453, 0
0.7970226176122629, 0.013534215220294693, 0
0.8014712211627543, -0.0012597176774119935, 0
0.7876595469824815, -0.013053408175426917, 0
0.8288497629593922, 0.11410141200878575, 0
0.8376236095767615, 0.132070923869971, 0
0.8464502228605482, 0.14927501139598814, 0
0.8550896124438625, 0.16608275077186335, 0
0.8617163104275064, 0.18544620111946092, 0
0.8840089688957274, 0.18691160259808312, 0
0.9039772480899755, 0.18868404978534825, 0
0.9127784767367886, 0.20695361110471097, 0
0.9326077881851847, 0.2075672607208353, 0
0.9506328615557565, 0.2098508082237717, 0
0.967563265347677, 0.2154446297779435, 0
0.9833456260495317, 0.2219203203693552, 0
1.0, 0.23153629203801662, 0
0.8001166054557367, 0.09475809307792409, 0
0.7913537956058262, 0.07676779750113814, 0
0.7825826358723845, 0.058806602170160344, 0
0.7737345903631454, 0.04191980103589534, 0
0.7646673241719677, 0.028179642588648458, 0
0.7664406466239753, 0.012548576021785275, 0
0.7834949662379324, 0.006392102632142669, 0
0.768736226717888, -0.0069360369295626756, 0
0.8088876439819171, 0.11274409721046004, 0
0.8176678053818175, 0.1307004820218494, 0
0.8266579458329233, 0.14733801499723315, 0
0.8362579550544538, 0.16292477683734993, 0
0.8452643745172348, 0.17808296752573932, 0
0.8426286502389382, 0.19354571905096377, 0
0.8568401906504262, 0.19979729630145057, 0
0.8728913373354449, 0.2014103787225021, 0
0.8930194517628436, 0.2050508778318589, 0
0.9018502566464864, 0.22540604112572107, 0
0.9237136686719359, 0.2234773415008048, 0
0.939191227264742, 0.22247478460692657, 0
0.9529882685580542, 0.22991741722494916, 0
0.9697635442277587, 0.23363383012351754, 0
0.9853938520706832, 0.240790550970475, 0
1.0, 0.2507681926218978, 0
0.7888877464123836, 0.11146556755985616, 0
0.7801516427275499, 0.09339438493292242, 0
0.7714027788884281, 0.07539696075028968, 0
0.7626197834425962, 0.0575766986279658, 0
0.7538608758917661, 0.03940984767059566, 0
0.7467558560860799, 0.022345577908687596, 0
0.7500770002803339, -4.7285209610749146e-05, 0
0.7977015336401825, 0.12939529225952495, 0
0.8069912988485929, 0.14721702513454707, 0
0.8179486536496526, 0.16314732425743683, 0
0.8301944486638845, 0.17782583068895522, 0
0.8233954283218543, 0.19575712583600288, 0
0.8385229071131802, 0.21143579147267208, 0
0.8593264351498566, 0.21594612986758657, 0
0.8798161688029607, 0.2200794505692611, 0
0.8854261880583083, 0.2388915800012268, 0
0.9042408170745975, 0.2453582790191335, 0
0.9174847069704032, 0.23820910372494689, 0
0.9361441291060539, 0.23944226224278536, 0
0.9553865937492593, 0.2464536725853806, 0
0.9725808478853549, 0.250980973423338, 0
0.9869217511835204, 0.255989162665984, 0
1.0, 0.27, 0
0.7689230032114879, 0.11003337360807355, 0
0.7602050209481188, 0.09198546363729967, 0
0.751451047827321, 0.07400780249913591, 0
0.7432421440754143, 0.05641282581351865, 0
0.7384454304319394, 0.04021704954057572, 0
0.7246797682963012, 0.02954289281954856, 0
0.7314190634294235, 0.0068446528347554025, 0
0.7774734544033475, 0.12871658391290206, 0
0.787377515025917, 0.14729380904731917, 0
0.7980232583437258, 0.1643768453154751, 0
0.8102871627265583, 0.18009715280262914, 0
0.802993470349355, 0.19813522294367764, 0
0.8148190945683115, 0.21415801370487633, 0
0.8267034971897799, 0.2301559705391388, 0
0.8465786060015866, 0.2306201074586626, 0
0.8662195908051051, 0.2337211683996453, 0
0.922874351952651, 0.2523349055529612, 0
0.9416000801136555, 0.2590574363932764, 0
0.9606607333493586, 0.2647487516745506, 0
0.9801668230395538, 0.2686185893907269, 0
0.7490121505379304, 0.10850919799661296, 0
0.7402894753049074, 0.09057106594600342, 0
0.731595059106064, 0.07265557945626885, 0
0.7260009015448042, 0.05321122542273064, 0
0.707430416003863, 0.04777799744731286, 0
0.704961561375646, 0.02963004913168755, 0
0.7124992111160353, 0.012971756546909317, 0
0.7576649274364927, 0.1263656186444109, 0
0.7650734603188167, 0.14797600543294623, 0
0.779002052952414, 0.16608108604775149, 0
0.7908442900151781, 0.1821967472612751, 0
0.7830282307512371, 0.20049377015714137, 0
0.794586125680952, 0.21715173262613413, 0
0.8069505794200263, 0.2324225542416914, 0
0.7290957826310932, 0.10712477478236644, 0
0.7201145726665966, 0.08877515443074464, 0
0.7101929978157986, 0.068776025932746, 0
0.6925452831894732, 0.056237049503892314, 0
0.6868301895183091, 0.03892520177581465, 0
0.6931499167122702, 0.01754227569701792, 0
0.7378737834446609, 0.1250158353395311, 0
0.7457102947261285, 0.14235538658252195, 0
0.749795551947946, 0.15727806010354664, 0
0.7593400024518769, 0.16974379500828835, 0
0.7710695271830295, 0.18446465964525144, 0
0.7630567007668421, 0.2018400250814111, 0
0.7721327457914076, 0.22071618537199933, 0
0.7875924927939573, 0.2369845441608744, 0
0.7179202960681628, 0.12365200975273591, 0
0.709099623581951, 0.10582914799934084, 0
0.7003120378767331, 0.08872891713233685, 0
0.6928174884641849, 0.07357125946135713, 0
0.6756413473067694, 0.07295287117459694, 0
0.6715616968108192, 0.05599770568462641, 0
0.6644853786352192, 0.03783361952101211, 0
0.6734052623909939, 0.01982200783001637, 0
0.7267235094133448, 0.14118097859504955, 0
0.7328562797957974, 0.15747625274844868, 0
0.7410885197299624, 0.17264120303369498, 0
0.7512915741648626, 0.18737827482680539, 0
0.7431240079946004, 0.2035476446727897, 0
0.7545727507118252, 0.21528844190874152, 0
0.7530794378198754, 0.23079735029891252, 0
0.7686646258365393, 0.2431078637751487, 0
0.6979635527525796, 0.12233490951018117, 0
0.7067659428555436, 0.1398755539243219, 0
0.7141490317981364, 0.15748692901428396, 0
0.7218169306325806, 0.17426767007249377, 0
0.7314307367860232, 0.189703168347818, 0
0.7233411412375954, 0.20655625028747113, 0
0.7374290887505027, 0.2197615975691535, 0
0.7335650232138073, 0.23767928744324637, 0
0.7500000006248856, 0.2499999997644252, 0
0.6891055148028548, 0.10552054657489655, 0
0.6810343615291666, 0.08964626952253091, 0
0.6615167354215054, 0.08831453326235492, 0
0.656324494704862, 0.07173746626674214, 0
0.6509652136279029, 0.05363510552374533, 0
0.6410461122123158, 0.03483652764255727, 0
0.6535365698873719, 0.019373666739777657, 0
0.6867839596547838, 0.13892060818738441, 0
0.6955562238132798, 0.15689362526705844, 0
0.7011752714647083, 0.17522749503308818, 0
0.7115033160259878, 0.19148468419667175, 0
0.7035457383506228, 0.2094662761629688, 0
0.7168920973666906, 0.2247006907003735, 0
0.7165692622936608, 0.24356286665149202, 0
0.7313353754428176, 0.2568921357720906, 0
0.6780117007079276, 0.12094761027894298, 0
0.6692109184522058, 0.10338424841207898, 0
0.649228381160365, 0.10243780278226082, 0
0.6418524933550096, 0.08575690091951846, 0
0.6347482680203216, 0.06780592257946208, 0
0.6274588939011518, 0.04954935089905889, 0
0.6203050258443087, 0.03048627020623573, 0
0.6339000150505253, 0.01628781607086033, 0
0.6756045394627928, 0.15550355804863344, 0
0.6798371809810203, 0.1749043797849074, 0
0.6916404321018793, 0.19382136268658734, 0
0.6837172918842391, 0.2120971949586951, 0
0.6979375100413944, 0.23108893322351337, 0
0.7027601560462893, 0.25077957626613395, 0
0.7124075085155395, 0.2630154554642965, 0
0.6668319065141927, 0.13753601562145515, 0
0.6580592706077144, 0.11956866893714833, 0
0.6381044878604459, 0.11822356858446019, 0
0.6293365666699947, 0.10018906804331403, 0
0.6212907222475725, 0.08334016607992353, 0
0.6117925136596599, 0.06423932336830708, 0
0.6058962527028615, 0.04629294479124046, 0
0.5966939739847416, 0.026201176217731804, 0
0.6146970308980311, 0.01112945207166341, 0
0.6556837695174131, 0.15366977788247546, 0
0.6468787299835627, 0.13616762051932482, 0
0.6269211587576896, 0.13486240921559078, 0
0.6181399749372973, 0.1170182235228178, 0
0.6095677621704899, 0.09915496847539679, 0
0.6008259206575377, 0.08124077508425082, 0
0.592270894556139, 0.06311577053906599, 0
0.5840559784204982, 0.0453376432292323, 0
0.5739764724872302, 0.029665655100211186, 0
0.5820626535220754, 0.013674273438120199, 0
0.5958865924738019, 0.004670434862457843, 0
0.6648525008498684, 0.16595114636569736, 0
0.6586966090053032, 0.18083410994443264, 0
0.6717718942568104, 0.19611111616166885, 0
0.6638587121549686, 0.21447211294838148, 0
0.6757489989946346, 0.23503852850099397, 0
0.688588829406963, 0.24736878145733446, 0
0.6930494219834117, 0.2675774455059059, 0
0.6360097858940392, 0.15174828194964765, 0
0.6162210488381277, 0.15161149800835674, 0
0.6069469323310551, 0.133796404593152, 0
0.5981959522987119, 0.11551881033380153, 0
0.5896174625913239, 0.09762276734056664, 0
0.5807975396912952, 0.07960644402980466, 0
0.5718797301625275, 0.06159595978735051, 0
0.5630601496947059, 0.04430409477806019, 0
0.5538871178325976, 0.025785741706773453, 0
0.5642262419051609, 0.01029804168078046, 0
0.577258764289218, -0.002303427707557483, 0
0.6462992180805099, 0.16700605794049192, 0
0.6390491701571287, 0.18302532367978128, 0
0.6519081017804326, 0.19844193000366234, 0
0.644443985088617, 0.2164773110154536, 0
0.6559475552474237, 0.2328501850529097, 0
0.6636053583307534, 0.2519419097877625, 0
0.6774139607791521, 0.25626416059926943, 0
0.6732965042312522, 0.2698440293940874, 0
0.6271956510757505, 0.16785230312626764, 0
0.6194721944688304, 0.18509845055398816, 0
0.6321192693021159, 0.20071949728216593, 0
0.6258423812525157, 0.21799959457097895, 0
0.6382949196268807, 0.23320204360357846, 0
0.6455151878117217, 0.2503068614003016, 0
0.6534213954170096, 0.2693798926734765, 0
0.5967044883375328, 0.15114874350544694, 0
0.5870154581584854, 0.13211683417975575, 0
0.5782698810692695, 0.11376178292687707, 0
0.5695400673545996, 0.0960115695218626, 0
0.560740857439852, 0.07808893298952543, 0
0.5519375717500745, 0.06006937594845328, 0
0.5431655325101563, 0.04209451238789529, 0
0.5340000390545145, 0.02404983377942071, 0
0.5434769665709304, 0.004976897311767951, 0
0.5585406068961574, -0.009028761560375612, 0
0.6076609160457066, 0.16905946326724788, 0
0.6122392026191079, 0.2030474959416183, 0
0.6001843226029058, 0.18709933214822053, 0
0.5878181023777562, 0.17019391608569592, 0
0.5745645098384455, 0.1501143485327671, 0
0.5671593090949661, 0.12935615300822736, 0
0.5583139514303694, 0.11243344127529806, 0
0.5495319866452896, 0.09460072897742271, 0
0.5407582735185823, 0.0766495282518401, 0
0.5319858745568334, 0.05867938171678315, 0
0.5232137875290768, 0.04070451706056586, 0
0.5147339066324192, 0.023179598511596854, 0
0.5227962773537527, 0.007189183586331874, 0
0.5277290924037175, -0.006579507924037386, 0
0.5394891094832497, -0.014729351700183078, 0
0.6059642645786274, 0.22247138580355447, 0
0.6214426526204895, 0.23283632334195967, 0
0.6275640089370874, 0.24821170260727954, 0
0.6337804105772695, 0.2662788319031117, 0
0.592895978895675, 0.20468755609191394, 0
0.5804496671565603, 0.189237994255334, 0
0.5678222748513996, 0.17204384370963266, 0
0.5546899787118775, 0.1567606223098479, 0
0.5562895947229199, 0.14128973764654126, 0
0.5471938163557469, 0.12816527517765458, 0
0.5383504356438192, 0.11121409999097308, 0
0.5295787434330268, 0.09323365101356847, 0
0.5208063874000582, 0.07526255488623, 0
0.5120341611050481, 0.05728937241022953, 0
0.5032620247562941, 0.03931450357034128, 0
0.49464177665015174, 0.022766085966153916, 0
0.5032239162316656, 0.008305187199080652, 0
0.511091617799733, -0.005847533038086029, 0
0.5199923481003661, -0.01861548326484123, 0
0.5919098636142636, 0.23524518170963576, 0
0.6095477101126523, 0.24229692816736395, 0
0.6145738133118693, 0.2611084204283166, 0
0.5869996237170944, 0.22025884471616225, 0
0.5720456956865969, 0.20873746010442534, 0
0.5729037516995815, 0.22726919169764043, 0
0.5771256493879255, 0.2476650949489697, 0
0.5957591842547643, 0.2546417214683406, 0
0.5607953024461501, 0.1914009938911373, 0
0.5485905731679547, 0.17562785184247093, 0
0.5398740106601305, 0.16241976272094327, 0
0.5373735492686781, 0.145863690857654, 0
0.5271709089164435, 0.12779907564056103, 0
0.5183988126139673, 0.10982412071555751, 0
0.5096266991432732, 0.09184916754414675, 0
0.5008545818636432, 0.07387424110167677, 0
0.49208243741601626, 0.05589934594006872, 0
0.4833102538162201, 0.03792447095875258, 0
0.4738091795346963, 0.019541275148330168, 0
0.4861713180780407, 0.009980377155311242, 0
0.49264132216226286, -0.005365730374864559, 0
0.5001667283762182, -0.020018814871226736, 0
0.5554355460230597, 0.22216316086527302, 0
0.5531202597203039, 0.20630513651661211, 0
0.5422216560262431, 0.1944420291747289, 0
0.5318037848925562, 0.17826917226273295, 0
0.5237110527884593, 0.1621069615618874, 0
0.5159914682827231, 0.1443841329899857, 0
0.5072193504086234, 0.12640914656501578, 0
0.4984471530589155, 0.10843407389532113, 0
0.48967503768726883, 0.09045909891514424, 0
0.48090289088186244, 0.072484201222421, 0
0.4722589317590391, 0.054546695157077864, 0
0.46351191058536656, 0.03696245488372698, 0
0.452278268047729, 0.02317178345382808, 0
0.4564952638252534, 0.004464951642048277, 0
0.4748886271122336, -0.00070615271660733, 0
0.48033799134775207, -0.018660950879076876, 0
0.5583999212262512, 0.2409425640570877, 0
0.5393392680234398, 0.2352512486749969, 0
0.5351031452148746, 0.21478203608620744, 0
0.522640788180667, 0.19721360720734357, 0
0.5131177709527373, 0.17916511244730757, 0
0.5048118183659143, 0.16096898902264054, 0
0.49604053263738, 0.14299475683154797, 0
0.4872679402875725, 0.12501937414025896, 0
0.4784955254651862, 0.1070441151778778, 0
0.4697233738161933, 0.08906903923593476, 0
0.46095119967072445, 0.0710941449560467, 0
0.4529483175672747, 0.05334361482541407, 0
0.44697082345834294, 0.0385900749294828, 0
0.4340126428421337, 0.029340666683827645, 0
0.4376728603191222, 0.010367273213099708, 0
0.4417754711843952, -0.009134986712569303, 0
0.46083403965042635, -0.014811615063551867, 0
0.5198331783680623, 0.2313814108030698, 0
0.5117538519043647, 0.21364135804404635, 0
0.5025244887666371, 0.19564075274472917, 0
0.4936584366421555, 0.17757718244647522, 0
0.48486536600506414, 0.15958379426038388, 0
0.47608930208208755, 0.14160528061302083, 0
0.46731576881089765, 0.12362914961207187, 0
0.4585438680491187, 0.10565395331327426, 0
0.4497717064431016, 0.08767900209818534, 0
0.4409787975701953, 0.06943786469008419, 0
0.43210297913357876, 0.05013186976704646, 0
0.415365877680803, 0.0374920597857923, 0
0.4192465351518155, 0.01781817224152587, 0
0.42305351841279115, -0.002420348603899493, 0
0.5000000014438634, 0.23, 0
0.491343498680586, 0.21257002073767248, 0
0.48245393151241234, 0.19413831763374698, 0
0.47368541024458627, 0.17616963099629104, 0
0.4649102715384662, 0.15819077086342748, 0
0.4561366957125412, 0.1402144617206677, 0
0.44736419818884376, 0.12223791329126317, 0
0.43859158383210073, 0.10425661507569399, 0
0.4298165904681805, 0.08624455968601245, 0
0.4209801061267705, 0.0686131946541397, 0
0.4120176745814231, 0.05404209760338721, 0
0.39446134094146623, 0.04705776016656726, 0
0.39921488217069684, 0.025589962955445435, 0
0.4044264636620118, 0.0045556161522811705, 0
0.4801668244029419, 0.2313814104215656, 0
0.47145925359847934, 0.20952778234055605, 0
0.46258273325721094, 0.1918226247057426, 0
0.4537293642661865, 0.1747740310820424, 0
0.44495728938278595, 0.1567993994018461, 0
0.4361846605833279, 0.13882422353736742, 0
0.4274125865858343, 0.12084907226879843, 0
0.41864056722336723, 0.10287377210380208, 0
0.40985652270587136, 0.08494131796468665, 0
0.4010961846780524, 0.06692392994965116, 0
0.3814684035253481, 0.06567878333177037, 0
0.3711557386106173, 0.04874080672265287, 0
0.3791362646224228, 0.03049604741384121, 0
0.38562113217576144, 0.011029658292985776, 0
0.460714484349636, 0.22071140762124156, 0
0.4606607345679865, 0.2352512480151575, 0
0.45180752513046435, 0.2061823964678275, 0
0.44259347973676444, 0.1907206872428947, 0
0.43377776911912497, 0.17338411390710023, 0
0.42500538778480995, 0.15540911836064333, 0
0.4162335327455051, 0.13742820414700407, 0
0.4074607363002874, 0.1194597680937146, 0
0.39868693916310854, 0.10149075998919178, 0
0.38991443603851733, 0.08351702963315097, 0
0.3699515582119649, 0.0823091718610926, 0
0.361121766721723, 0.06516588433197415, 0
0.350518806911654, 0.04974323468484167, 0
0.35859121446844827, 0.034067218790307954, 0
0.3664256902651038, 0.016216395787954484, 0
0.44550419269787345, 0.22293518306599594, 0
0.4304251630845403, 0.20741591929742653, 0
0.42268582416292416, 0.18871235370725353, 0
0.41384069535187706, 0.171784346140749, 0
0.4050562133920243, 0.1539836450913081, 0
0.39628157853378737, 0.1360434004524485, 0
0.3875090386475104, 0.11806987297075423, 0
0.37873379373580274, 0.10013419251839491, 0
0.35878307421367867, 0.09873963412391376, 0
0.3500056670329936, 0.08084110499166672, 0
0.34119473255351307, 0.0634235808915517, 0
0.33014004378440415, 0.0489494524952134, 0
0.33908251476380075, 0.03507009522736823, 0
0.3467954208340628, 0.019342623645560966, 0
0.4416000811974764, 0.240942563242434, 0
0.4268765366069457, 0.22793601778720024, 0
0.4228743529119792, 0.2476650940878527, 0
0.41184910759221477, 0.21623701341743495, 0
0.41220807158292244, 0.20040640561599302, 0
0.4032264612803294, 0.18725695213795537, 0
0.39387437213049514, 0.17060337073107038, 0
0.38510206036111855, 0.1526281736777093, 0
0.3763298498821315, 0.13465352199588335, 0
0.36755769421059037, 0.11667868506038226, 0
0.34760567116907676, 0.11529443855814493, 0
0.3388320015452902, 0.09734197613385828, 0
0.3300615586405519, 0.07934349262881625, 0
0.3212898383426905, 0.06136371976165376, 0
0.310695997533847, 0.0488938415991242, 0
0.3180584016208863, 0.03520221997808508, 0
0.3269278113802134, 0.01983752479188148, 0
0.4087667587599619, 0.23460215698986234, 0
0.4042408179457537, 0.2546417206614152, 0
0.39437108303939145, 0.20548880059850982, 0
0.3826947791599583, 0.1871879170952398, 0
0.3739225222845736, 0.1692129262208217, 0
0.3651503699596505, 0.1512381157805122, 0
0.3563782226942278, 0.1332632972536045, 0
0.3364265718177101, 0.13187318644101723, 0
0.3276544612118468, 0.11389833347630102, 0
0.31888157453025107, 0.09593484606508225, 0
0.31010826417018195, 0.07797783897183048, 0
0.3013382811694587, 0.05997370789668557, 0
0.2929233287717044, 0.04895874645387229, 0
0.29534577866427647, 0.03302381898211827, 0
0.30717828393966734, 0.01760117546618949, 0
0.3968390248237757, 0.2238935540139413, 0
0.3889657975701735, 0.24129426472915008, 0
0.38024233573842353, 0.2218455581016993, 0
0.3717891841353844, 0.20395737634554686, 0
0.36274297464219707, 0.18579762697059254, 0
0.35397083510694016, 0.16782282476570734, 0
0.3451986977067529, 0.14984801728107414, 0
0.3252470210546172, 0.1484579752082015, 0
0.3164749091053532, 0.13048315760190837, 0
0.30770221866828784, 0.11251685233498386, 0
0.29892836346586926, 0.09456758160231668, 0
0.29014647853152103, 0.07673402288256573, 0
0.28131398818650116, 0.05962748086617244, 0
0.2761458927034622, 0.04359239995196835, 0
0.27332376730902513, 0.02474985821067751, 0
0.28782138186549405, 0.013063428673703258, 0
0.3854261888196495, 0.2611084197600967, 0
0.3678553619966381, 0.23795627138796407, 0
0.3606628896586046, 0.22057794664884692, 0
0.35160909267270024, 0.20241313512265977, 0
0.34280220807661116, 0.18441012256834632, 0
0.33402096750978205, 0.1664332001707375, 0
0.314067458569843, 0.165042768320715, 0
0.30529534475843795, 0.1470679842158911, 0
0.29652324654189505, 0.12909317313812954, 0
0.2877507706295983, 0.11112402410742812, 0
0.27897649464025465, 0.09318103064133133, 0
0.2702064725889875, 0.07517738307650439, 0
0.2614318768578211, 0.057239911953462196, 0
0.25463754148806966, 0.03940113087607715, 0
0.2530228040519314, 0.020121779279181583, 0
0.2688953005527605, 0.006955854493830319, 0
0.3729031810675818, 0.2528469357833771, 0
0.3662195914813676, 0.266278831452245, 0
0.3485064383063475, 0.2365008025960892, 0
0.3404575070869845, 0.21884401638135295, 0
0.3316316059111575, 0.20097690600462748, 0
0.3228482386663628, 0.18300450627822243, 0
0.30289935313978766, 0.18159567994641776, 0
0.29416600430088286, 0.16362830338014425, 0
0.2853436742201294, 0.14567803218787687, 0
0.2765715895241781, 0.12770321406083027, 0
0.2677995225238544, 0.1097283700801958, 0
0.25902738516390933, 0.09175480032438617, 0
0.25025500137274315, 0.07378507560413503, 0
0.24148075605917327, 0.05584241645339145, 0
0.2331784975248621, 0.03590397525960267, 0
0.23389741990545979, 0.012955695918061836, 0
0.25023501281277116, 7.034621330990504e-05, 0
0.35588425283283903, 0.2529496504332831, 0
0.3465786065780698, 0.2693798924876393, 0
0.3291692556523213, 0.2354769319445045, 0
0.3373751050097654, 0.253027862661884, 0
0.3267034976637463, 0.2698440294831328, 0
0.3204592334128633, 0.21738901504042607, 0
0.311667847514356, 0.19956840627842376, 0
0.29171904199053744, 0.19807944162707558, 0
0.2828345887539375, 0.17999714261352084, 0
0.27446547730191967, 0.162115810994267, 0
0.26539201337201357, 0.14428810669572642, 0
0.25661993978099956, 0.12631326998719233, 0
0.24784786492295002, 0.10833862455966403, 0
0.23907574078926888, 0.09036485807847293, 0
0.23030379818087132, 0.0723886514203556, 0
0.22153177115667105, 0.05441377709878687, 0
0.2117051883965414, 0.03658697738395705, 0
0.21951598240462683, 0.022181856145974246, 0
0.21680564823559267, 0.006488335375344984, 0
0.23157809831147888, -0.006824727771027756, 0
0.30984017032064015, 0.23332155415512915, 0
0.31813420293968336, 0.2512484524581642, 0
0.3069505797865654, 0.2675774458242292, 0
0.30053691434257634, 0.2154232314297254, 0
0.2805669026313574, 0.2142529064463455, 0
0.26872102799148984, 0.19602115776044327, 0
0.26289678611726114, 0.17665426277305235, 0
0.2546315331535053, 0.15973264259500025, 0
0.24544036494768684, 0.14289819385196653, 0
0.23666829797875708, 0.12492332980814048, 0
0.22789623852525345, 0.10694844640857587, 0
0.21912416807307428, 0.08897377513928459, 0
0.21035212865165015, 0.07099866404184056, 0
0.20158006761467845, 0.05302378649994433, 0
0.19260521519262472, 0.03514790299644261, 0
0.20389606186506976, 0.019389009539070304, 0
0.19924902906485803, 0.0017845145125729885, 0
0.2126609921934365, -0.012961516510219052, 0
0.2987666240784838, 0.24824299479008977, 0
0.2896047256567907, 0.22841066980037783, 0
0.27006748190722457, 0.2262807883067273, 0
0.2605771107001842, 0.213407503269297, 0
0.25184401867534484, 0.20211673740935168, 0
0.24877367911677695, 0.18678278184497235, 0
0.243404051517303, 0.17212976194909296, 0
0.23429454440526012, 0.1589987635583891, 0
0.22548873017352028, 0.14150827810817485, 0
0.21671666393715705, 0.12353338100240539, 0
0.20794459767827703, 0.10555847280960551, 0
0.1991725265399704, 0.08758356393218562, 0
0.1904004446314288, 0.06960866352031375, 0
0.18162834349272206, 0.05163377961071908, 0
0.17281063454449158, 0.03384451967793684, 0
0.18592657951595828, 0.017127459498046182, 0
0.1828900030426463, -0.0017877896281450457, 0
0.19331493449536166, -0.017548346821359008, 0
0.287592493039636, 0.2630154559094485, 0
0.28023472124388027, 0.24335449212933644, 0
0.26323169423934034, 0.24086664427171098, 0
0.24740217163659323, 0.2299934869908165, 0
0.24513909257280353, 0.21429313562731858, 0
0.2363341618218181, 0.20146736573382568, 0
0.2300084325192267, 0.18594384024882005, 0
0.22306480553150096, 0.17060128444573933, 0
0.21426426298080217, 0.1571771371064578, 0
0.20553710785629264, 0.14011834242441165, 0
0.19676503619169877, 0.12214341150085083, 0
0.18799295637480923, 0.10416847986621779, 0
0.17922086329083214, 0.08619355593979376, 0
0.17044729129180755, 0.06822506256521467, 0
0.16166901083536286, 0.05027468940358651, 0
0.15287597326268054, 0.03258612907914158, 0
0.16401335077773055, 0.0166987196080959, 0
0.1640051832208595, -0.002428547658966758, 0
0.17357205391908628, -0.019849724829380327, 0
0.2686646259811488, 0.2568921362760281, 0
0.2500000006763947, 0.2500000002549931, 0
0.2313353753844569, 0.2431078642072558, 0
0.22788782344629435, 0.22055020118027743, 0
0.2171537891618426, 0.2005402610055268, 0
0.2104090397824823, 0.18315840677852277, 0
0.20437912406567815, 0.16863644021038807, 0
0.19294681732632366, 0.15859887565881858, 0
0.18558549643599204, 0.13872837300060537, 0
0.17681341189929442, 0.12075341222949271, 0
0.1680413132307613, 0.10277846222937444, 0
0.15926919488561816, 0.08480352753746945, 0
0.1504958925368186, 0.06683617592954767, 0
0.14171885809728657, 0.04891174400471365, 0
0.13288125037379714, 0.031883645143644106, 0
0.14408534338174883, 0.014966321215089399, 0
0.14494831462450364, -0.004312986972178046, 0
0.15370211008066587, -0.019424673438422562, 0
0.2124075083415633, 0.2369845444859048, 0
0.20542077128601258, 0.21701803223609395, 0
0.19684531898914231, 0.19745251239020764, 0
0.1926804594105631, 0.177997033695438, 0
0.17831994688243472, 0.17030607156186117, 0
0.17297811536812588, 0.15549223448071556, 0
0.16560234492100018, 0.13731709218980603, 0
0.15686178674635357, 0.11936337844545716, 0
0.1480896667149568, 0.1013884187660583, 0
0.1393175229780376, 0.08341347927920363, 0
0.13054454086741127, 0.06547049202823282, 0
0.12175462511194929, 0.04776696030629326, 0
0.11104814709849185, 0.028366107174335454, 0
0.1242783216112356, 0.017636667950466395, 0
0.12888718068868382, 0.0016810536072441032, 0
0.13406175650839877, -0.016359069630009236, 0
0.1930494216221718, 0.2324225544291266, 0
0.18518090679737712, 0.2141580140558942, 0
0.17563730867582372, 0.19166083712941484, 0
0.1614069974252231, 0.17467415608119222, 0
0.15429215801711482, 0.1538139411652678, 0
0.14565524018068227, 0.1359300692216362, 0
0.1369101568054466, 0.11797331259492749, 0
0.12813801619582849, 0.09999835289611843, 0
0.1193661824949511, 0.08204141492523494, 0
0.11059564368290928, 0.06415649578018609, 0
0.10178658027091762, 0.04669063519204443, 0
0.09257556310173076, 0.03190567102081078, 0
0.0938216372183245, 0.014837500571838191, 0
0.11081167386303348, 0.007754204656921272, 0
0.11485448993420895, -0.011214970342742638, 0
0.1732965037666751, 0.2301559705840823, 0
0.16118850363455514, 0.2114831471647898, 0
0.1573713523189625, 0.1935457192317001, 0
0.1462069453596101, 0.18454605149604963, 0
0.14230154486306235, 0.1698520415028086, 0
0.13450277908981673, 0.15253320791603978, 0
0.12573065781492695, 0.13455819909665606, 0
0.11695851976216641, 0.11658322256103315, 0
0.10818636260082706, 0.09860827135051713, 0
0.0994268824875984, 0.08066069328249444, 0
0.09068874905471677, 0.06268938243173737, 0
0.08186970776504258, 0.044683503253478765, 0
0.07435172319448279, 0.02495060627304547, 0
0.07741289673932543, 0.0022091875338688272, 0
0.0960411894574092, -0.004763544658459044, 0
0.1534213948481647, 0.2306201073795101, 0
0.13936135742812195, 0.21681662762238996, 0
0.14245188376298923, 0.1992582598672289, 0
0.13122389506596052, 0.18535924238336599, 0
0.12332328393130193, 0.16911809320026433, 0
0.11455116241240244, 0.151143065364621, 0
0.10577902610644392, 0.13316807723952506, 0
0.09701149618923115, 0.11519086380691283, 0
0.08824463097327787, 0.09721625207642312, 0
0.07947969896353911, 0.07925234999759306, 0
0.07095381977893964, 0.06144502899027533, 0
0.0630663812969706, 0.043833306322525196, 0
0.05247861806352822, 0.02792927027993176, 0
0.058696816175729694, 0.00893978493232236, 0
0.1337804099185941, 0.2337211682411463, 0
0.11953868337119868, 0.22253203397972185, 0
0.12091587727147075, 0.20367803875493182, 0
0.11199853288926168, 0.18541394857347063, 0
0.10353277639759811, 0.16726026699663069, 0
0.0945995284250347, 0.14975290515750575, 0
0.08582738230678201, 0.13177794738625634, 0
0.0770829501748673, 0.11378948200329707, 0
0.06829306902255794, 0.09582320933403482, 0
0.05960393170349097, 0.07791261269877132, 0
0.05210696152672278, 0.060369651766980593, 0
0.046634253865179595, 0.04454855708394928, 0
0.031886784077290294, 0.03505935891586953, 0
0.03964927067169172, 0.014652266863126697, 0
0.1145738125478943, 0.2388915798111855, 0
0.10052196000605867, 0.22756119711866318, 0
0.10624831515967767, 0.21365475608239826, 0
0.10007282621828266, 0.19960006432542055, 0
0.09236462854815311, 0.182698964515543, 0
0.08435947345075287, 0.16543461991956981, 0
0.07564596908270672, 0.14787559375560058, 0
0.06604207732064996, 0.13030663192829137, 0
0.057135918019444065, 0.11239713073942313, 0
0.048879738642035195, 0.09479948376965533, 0
0.03703120043199995, 0.07738805647079688, 0
0.03363249004798155, 0.0555511745776742, 0
0.016949214402080442, 0.048853435837820806, 0
0.014837696558436005, 0.033311645008509326, 0
0.02015673508115092, 0.018556718431769554, 0
0.09575918340417744, 0.2453582788435678, 0
0.08072636564254489, 0.23282986068045772, 0
0.08653165627618917, 0.21316494192820218, 0
0.08367672069481716, 0.19587015961077073, 0
0.07209925879157043, 0.18067289983780715, 0
0.06910870310320179, 0.16216174929563854, 0
0.055708280282865646, 0.14885666723590282, 0
0.04592406779892589, 0.1289977208608464, 0
0.03547773021996129, 0.1133075582272087, 0
0.031627369532768984, 0.09523741098158352, 0
0.01757833043279191, 0.08682124006246462, 0
0.017183322894864753, 0.06801473908257215, 0
0.0002821453304945181, 0.058447341491374684, 0
0.0003077949059941746, 0.039215100486469597, 0
0.00033343193222932344, 0.019982750682356904, 0
0.07712564843458453, 0.2523349054079747, 0
0.06206780310104812, 0.23944694894631113, 0
0.06514774093265557, 0.219789011275088, 0
0.0676793459975806, 0.20074780017116903, 0
0.05264558766447024, 0.18753623313632894, 0
0.05469414845138051, 0.16916488198300436, 0
0.04073028865220996, 0.16045362117282225, 0
0.03474454468939956, 0.14558249708090326, 0
0.03098749718602906, 0.1309887028578082, 0
0.016917106977709883, 0.12418245159861013, 0
0.01700609845230925, 0.10543403785939984, 0
0.0002308461794952048, 0.09691171795097658, 0
0.0002564957549948614, 0.07767954399266076, 0
0.05839992016843357, 0.2590574362984617, 0
0.0442685636402748, 0.2457939667573756, 0
0.04747421722584518, 0.22651150372993845, 0
0.050009739766383704, 0.20677072000363153, 0
0.03450085810275202, 0.1946594261333002, 0
0.03726412260168899, 0.17604031276933094, 0
0.02124033354635775, 0.16262376153477046, 0
0.017370487926900945, 0.14222691500720525, 0
0.0001795470284958913, 0.1353760015956058, 0
0.0002051966039955481, 0.11614387051274283, 0
0.03933926684023236, 0.2647487516262761, 0
0.027197549979411886, 0.25126204642691663, 0
0.030483377686549403, 0.2334615719702789, 0
0.03275618161924806, 0.2144363291964276, 0
0.01692320982646538, 0.2030274562035239, 0
0.018086030298782536, 0.18366458138621344, 0
0.0001282478774970048, 0.17384019504603312, 0
0.0001538974529963768, 0.1546081137390352, 0
0.01983317706159195, 0.2686185893768014, 0
0.013083069068178625, 0.2560104121850545, 0
0.014707270285486837, 0.24085392442260423, 0
0.01649645521901395, 0.22191172883290772, 0
7.694872649826076e-05, 0.2123042593917707, 0
0.0001025983019976328, 0.1930722435556461, 0
0.0, 0.27, 0
2.564957549951444e-05, 0.250768162782733, 0
5.129915099888874e-05, 0.23153623157049905, 0
