"f:0","f:1","f:2",":0",":1",":2"
-0.08254036703498102,-1.2381488635777298,0,1,0,0
-0.08053506553081635,-1.2358598686724593,0,0.999,0,0
-0.07860192270109256,-1.2335402566446563,0,0.998,0,0
-0.07674397787814224,-1.2311915270379483,0,0.997,0,0
-0.07496422202270459,-1.2288154361529864,0,0.996,0,0
-0.07326558174530018,-1.2264139860467846,0,0.995,0,0
-0.07165090473723035,-1.2239894221249588,0,0.994,0,0
-0.07012292763151684,-1.2215442595566228,0,0.993,0,0
-0.06868426775721403,-1.2190812497351875,0,0.992,0,0
-0.06733740244629038,-1.2166033839873278,0,0.991,0,0
-0.06608463100714268,-1.2141139065984734,0,0.99,0,0
-0.06492807875579809,-1.211616272544885,0,0.989,0,0
-0.06386965878800632,-1.2091141596865025,0,0.988,0,0
-0.06291105769936711,-1.2066114466402706,0,0.987,0,0
-0.06205371438976437,-1.204112198074098,0,0.986,0,0
-0.061298803978786176,-1.2016206444026982,0,0.985,0,0
-0.06064722179791693,-1.1991411611219822,0,0.984,0,0
-0.06009956898533808,-1.1966782463451258,0,0.983,0,0
-0.05965613828458849,-1.1942364966186365,0,0.982,0,0
-0.059316900620843604,-1.1918205805233661,0,0.981,0,0
-0.05908150628371123,-1.1894352094149123,0,0.98,0,0
-0.05894927176935305,-1.1870851100102324,0,0.979,0,0
-0.058919180656699766,-1.18477499403435,0,0.978,0,0
-0.05898988451652776,-1.1825095280139348,0,0.977,0,0
-0.05915970665071313,-1.1802933032904128,0,0.976,0,0
-0.05942665028277627,-1.1781308067170366,0,0.975,0,0
-0.059788406559914464,-1.1760263904438235,0,0.974,0,0
-0.06024237060627857,-1.1739842457093297,0,0.973,0,0
-0.06078565021105509,-1.1720083705074675,0,0.972,0,0
-0.0614150957582803,-1.1701025530166227,0,0.971,0,0
-0.0621273164556192,-1.1682703481349905,0,0.97,0,0
-0.06291869219667945,-1.166515040720155,0,0.969,0,0
-0.06378541762257894,-1.1648396489814294,0,0.968,0,0
-0.06472352116977509,-1.163246910771602,0,0.967,0,0
-0.06572887939792627,-1.1617392312394923,0,0.966,0,0
-0.06679727017970416,-1.1603187403274782,0,0.965,0,0
-0.06792437805125517,-1.15898721910237,0,0.964,0,0
-0.06910583799220649,-1.1577461352267708,0,0.963,0,0
-0.07033725702592208,-1.1565966498332725,0,0.962,0,0
-0.07161424549928996,-1.1555395683686664,0,0.961,0,0
-0.07293243981070874,-1.15457541737003,0,0.96,0,0
-0.07428753273365962,-1.153704389525062,0,0.959,0,0
-0.0756752981332387,-1.1529263811137718,0,0.958,0,0
-0.07709160167858087,-1.1522410196432418,0,0.957,0,0
-0.07853244599960407,-1.1516476258384118,0,0.956,0,0
-0.0799939598501439,-1.1511452900366423,0,0.955,0,0
-0.08147243446172059,-1.150732844952912,0,0.954,0,0
-0.08296434631277827,-1.1504088852818957,0,0.953,0,0
-0.0844663334499316,-1.1501718182536096,0,0.952,0,0
-0.08597525015779417,-1.1500198412253821,0,0.951,0,0
-0.08748813980490355,-1.1499509867598259,0,0.95,0,0
-0.08900226505438635,-1.1499631275136846,0,0.949,0,0
-0.09051510020972287,-1.1500539969410282,0,0.948,0,0
-0.09202433371225882,-1.1502212118447392,0,0.947,0,0
-0.09352788194442274,-1.1504622777837168,0,0.946,0,0
-0.09502386332665091,-1.1507746206399974,0,0.945,0,0
-0.09651063383666325,-1.1511555838696512,0,0.944,0,0
-0.09798673479701536,-1.1516024614577551,0,0.943,0,0
-0.09945094798749021,-1.15211249311656,0,0.942,0,0
-0.10090222132918514,-1.152682892667476,0,0.941,0,0
-0.10233973972583255,-1.1533108457683865,0,0.94,0,0
-0.10376283420562793,-1.153993529721115,0,0.939,0,0
-0.10517106408493904,-1.154728116591306,0,0.938,0,0
-0.10656411931825271,-1.1555117828044001,0,0.937,0,0
-0.10794188057466758,-1.1563417160315457,0,0.936,0,0
-0.10930438240718354,-1.1572151211077883,0,0.935,0,0
-0.11065180124561724,-1.1581292233094718,0,0.934,0,0
-0.11198445354682907,-1.1590812727326816,0,0.933,0,0
-0.11330278945959316,-1.1600685481708333,0,0.932,0,0
-0.1146073747314369,-1.1610883568980748,0,0.931,0,0
-0.11589888536767068,-1.1621380362437799,0,0.93,0,0
-0.11717810373835957,-1.1632149557575118,0,0.929,0,0
-0.1184459020189087,-1.1643165145319896,0,0.928,0,0
-0.119703228931204,-1.1654401381064483,0,0.927,0,0
-0.12095113304056904,-1.1665832894005728,0,0.926,0,0
-0.12219069757641243,-1.1677434446563386,0,0.925,0,0
-0.12342308005532487,-1.168918109714252,0,0.924,0,0
-0.1246494923339736,-1.1701048126215772,0,0.923,0,0
-0.1258711681462864,-1.1713010905301113,0,0.922,0,0
-0.12708939526460228,-1.1725045024877057,0,0.921,0,0
-0.12830547150112692,-1.1737126114908547,0,0.92,0,0
-0.12952071578817315,-1.174922987776745,0,0.919,0,0
-0.13073645573437598,-1.176133203027037,0,0.918,0,0
-0.1319540194261728,-1.1773408277999575,0,0.917,0,0
-0.13317472132934927,-1.1785434214048012,0,0.916,0,0
-0.13439986871992005,-1.1797385383765282,0,0.915,0,0
-0.13563073782667479,-1.1809237146188718,0,0.914,0,0
-0.13686856774461242,-1.1820964651148806,0,0.913,0,0
-0.13811457654613413,-1.183254293487489,0,0.912,0,0
-0.13936989916319142,-1.1843946612401635,0,0.911,0,0
-0.14063564528489958,-1.1855150175434062,0,0.91,0,0
-0.14191283881018957,-1.1866127724544309,0,0.909,0,0
-0.1432024174126213,-1.187685298970673,0,0.908,0,0
-0.14450526717897016,-1.1887299495592967,0,0.907,0,0
-0.1458221438077163,-1.1897440273583078,0,0.906,0,0
-0.1471537189897012,-1.1907248074230465,0,0.905,0,0
-0.14850054001616642,-1.191669525866401,0,0.904,0,0
-0.1498630322708001,-1.192575385896013,0,0.903,0,0
-0.15124149480195237,-1.1934395597171505,0,0.902,0,0
-0.15263606574743505,-1.1942591875879511,0,0.901,0,0
-0.15404675546796498,-1.195031388360506,0,0.9,0,0
-0.15547338111436404,-1.1957532570799108,0,0.899,0,0
-0.15691561698276602,-1.1964218775220536,0,0.898,0,0
-0.15837293253821294,-1.197034324850382,0,0.897,0,0
-0.15984461966913166,-1.1975876769473663,0,0.896,0,0
-0.1613297733407506,-1.198079021116084,0,0.895,0,0
-0.16282726655284097,-1.1985054697657325,0,0.894,0,0
-0.16433578707201757,-1.198864163751709,0,0.893,0,0
-0.1658537746586668,-1.199152297185797,0,0.892,0,0
-0.16737946760681333,-1.199367120346976,0,0.891,0,0
-0.1689108697570887,-1.1995059612092682,0,0.89,0,0
-0.17044574744747742,-1.1995662458772702,0,0.889,0,0
-0.1719816582297382,-1.1995454999099182,0,0.888,0,0
-0.1735159097221619,-1.1994413885965172,0,0.887,0,0
-0.17504559373591022,-1.1992517202501256,0,0.886,0,0
-0.17656758900911063,-1.1989744612157043,0,0.885,0,0
-0.1780785413322924,-1.1986077813055669,0,0.884,0,0
-0.1795749112099393,-1.1981500374577725,0,0.883,0,0
-0.1810529556358801,-1.1975998205777985,0,0.882,0,0
-0.18250875398808541,-1.1969559641671663,0,0.881,0,0
-0.1839382237439121,-1.1962175605458856,0,0.88,0,0
-0.1853371378471642,-1.1953839773826838,0,0.879,0,0
-0.18670114205907062,-1.1944548821153769,0,0.878,0,0
-0.18802578152782057,-1.1934302491804412,0,0.877,0,0
-0.18930652527718594,-1.192310368373704,0,0.876,0,0
-0.1905387907217242,-1.191095856997597,0,0.875,0,0
-0.1917179718888391,-1.1897876760167603,0,0.874,0,0
-0.1928394705885127,-1.1883871277086584,0,0.873,0,0
-0.19389872332820624,-1.1868958463598784,0,0.872,0,0
-0.19489123509792106,-1.185315817337973,0,0.871,0,0
-0.1958126089211878,-1.1836493598427897,0,0.87,0,0
-0.19665857705914735,-1.1818991219181958,0,0.869,0,0
-0.19742503101502162,-1.180068068779544,0,0.868,0,0
-0.19810805160226685,-1.178159469585173,0,0.867,0,0
-0.19870393634855243,-1.1761768789399185,0,0.866,0,0
-0.19920922556336074,-1.1741241164580032,0,0.865,0,0
-0.19962072664164732,-1.172005244081195,0,0.864,0,0
-0.19993553627002048,-1.1698245405166776,0,0.863,0,0
-0.2001510558635492,-1.1675864723411387,0,0.862,0,0
-0.20026502177553762,-1.1652956696321628,0,0.861,0,0
-0.2002754944970232,-1.1629568849807288,0,0.86,0,0
-0.2001808736120012,-1.1605749693073053,0,0.859,0,0
-0.19997995054229512,-1.158154840885913,0,0.858,0,0
-0.1996718109726574,-1.1557014444854705,0,0.857,0,0
-0.19925595350974112,-1.1532197254817604,0,0.856,0,0
-0.1987321859028811,-1.1507145965769334,0,0.855,0,0
-0.19810067758682315,-1.1481909074923118,0,0.854,0,0
-0.19736193768442145,-1.145653408576324,0,0.853,0,0
-0.19651676800954887,-1.1431067437042821,0,0.852,0,0
-0.19556632080129777,-1.14055538611381,0,0.851,0,0
-0.1945119852803462,-1.1380036703677832,0,0.85,0,0
-0.19335547139434717,-1.1354557042936129,0,0.849,0,0
-0.1920986979519459,-1.1329154169803202,0,0.848,0,0
-0.1907438385763518,-1.1303864890447264,0,0.847,0,0
-0.18929326246685974,-1.127872367785097,0,0.846,0,0
-0.18774951876849133,-1.12537625986092,0,0.845,0,0
-0.18611533168026584,-1.1229010840398557,0,0.844,0,0
-0.18439354335444524,-1.1204495358015054,0,0.843,0,0
-0.18258713291492434,-1.1180239908946603,0,0.842,0,0
-0.18069915394635738,-1.1156266119026856,0,0.841,0,0
-0.17873275441713554,-1.113259207034604,0,0.84,0,0
-0.17669111363092693,-1.1109234314660117,0,0.839,0,0
-0.1745774626675488,-1.1086205519276242,0,0.838,0,0
-0.1723950424065569,-1.1063516894988796,0,0.837,0,0
-0.17014709542645878,-1.1041176229102618,0,0.836,0,0
-0.16783685421628158,-1.1019189432485659,0,0.835,0,0
-0.16546752390464836,-1.0997559935913117,0,0.834,0,0
-0.16304227147718997,-1.0976288844355326,0,0.833,0,0
-0.16056421683556754,-1.0955375172713793,0,0.832,0,0
-0.15803642319725908,-1.0934815885775357,0,0.831,0,0
-0.15546188999447752,-1.0914606017889488,0,0.83,0,0
-0.15284354749818096,-1.089473879613095,0,0.829,0,0
-0.15018425248494627,-1.0875205751111092,0,0.828,0,0
-0.14748678509078894,-1.085599682738871,0,0.827,0,0
-0.14475385122633866,-1.0837100561362523,0,0.826,0,0
-0.1419880580251246,-1.0818503823545353,0,0.825,0,0
-0.13919196000573553,-1.0800192636717143,0,0.824,0,0
-0.1363680156800231,-1.0782151602460217,0,0.823,0,0
-0.13351860754487,-1.0764364263158124,0,0.822,0,0
-0.13064606043492444,-1.0746813407592837,0,0.821,0,0
-0.12775260134028865,-1.0729480599806462,0,0.82,0,0
-0.12484042524318106,-1.0712347024772528,0,0.819,0,0
-0.12191163363661017,-1.0695392790247082,0,0.818,0,0
-0.1189682977253419,-1.0678597668948757,0,0.817,0,0
-0.11601242470537021,-1.0661940737319735,0,0.816,0,0
-0.11304598167736446,-1.0645400643395928,0,0.815,0,0
-0.11007090435780997,-1.062895570232061,0,0.814,0,0
-0.10708908801992278,-1.0612583795756865,0,0.813,0,0
-0.10410241613916771,-1.0596262676185928,0,0.812,0,0
-0.10111274809510595,-1.0579969809441403,0,0.811,0,0
-0.09812193905533506,-1.0563682600883137,0,0.81,0,0
-0.09513184343839098,-1.0547378384808528,0,0.809,0,0
-0.09214432119298532,-1.053103450332667,0,0.808,0,0
-0.08916124640728451,-1.0514628377415243,0,0.807,0,0
-0.0861845177006697,-1.049813758827032,0,0.806,0,0
-0.08321605790856879,-1.0481539896260652,0,0.805,0,0
-0.08025783415904031,-1.0464813405764608,0,0.804,0,0
-0.07731184600781771,-1.0447936488757852,0,0.803,0,0
-0.07438015786049956,-1.0430888075337064,0,0.802,0,0
-0.07146487266683743,-1.041364744444658,0,0.801,0,0
-0.0685681778260866,-1.0396194675398989,0,0.8,0,0
-0.0656923041889631,-1.0378510280335633,0,0.799,0,0
-0.06283958382162935,-1.0360575836335424,0,0.798,0,0
-0.06001239679479542,-1.0342373452990306,0,0.797,0,0
-0.05721323638634057,-1.0323886580481654,0,0.796,0,0
-0.05444464867932175,-1.0305099331656489,0,0.795,0,0
-0.051709298579408536,-1.0285997433296048,0,0.794,0,0
-0.0490099087533179,-1.026656744860789,0,0.793,0,0
-0.046349319053469396,-1.0246797811463964,0,0.792,0,0
-0.043730433264858926,-1.0226678061905528,0,0.791,0,0
-0.041156256703877236,-1.0206199690428093,0,0.79,0,0
-0.038629867286301356,-1.018535574730636,0,0.789,0,0
-0.03615442792742063,-1.01641413474963,0,0.788,0,0
-0.03373316948713323,-1.0142553564346897,0,0.787,0,0
-0.03136938496187647,-1.0120591513804813,0,0.786,0,0
-0.029066426684784097,-1.0098256801751666,0,0.785,0,0
-0.02682768573989258,-1.0075553183110928,0,0.784,0,0
-0.024656587201067226,-1.0052487022834966,0,0.783,0,0
-0.022556571475411458,-1.0029067345871006,0,0.782,0,0
-0.020531080988307693,-1.0005305622997416,0,0.781,0,0
-0.01858353999104534,-0.9981216385273189,0,0.78,0,0
-0.01671733743612991,-0.9956816804662527,0,0.779,0,0
-0.014935807663948975,-0.9932126938997212,0,0.778,0,0
-0.01324220412456989,-0.9907169839124355,0,0.777,0,0
-0.011639679858922225,-0.9881971427461125,0,0.776,0,0
-0.010131264761209957,-0.9856560496511697,0,0.775,0,0
-0.008719837546025788,-0.9830968737651962,0,0.774,0,0
-0.007408099685048408,-0.9805230664725808,0,0.773,0,0
-0.006198553780834115,-0.9779383463982684,0,0.772,0,0
-0.005093480012376195,-0.9753466879854457,0,0.771,0,0
-0.004094906570461965,-0.9727523115615581,0,0.77,0,0
-0.003204583072985656,-0.9701596652898125,0,0.769,0,0
-0.002423970690805577,-0.9675733957010336,0,0.768,0,0
-0.001754209322349598,-0.9649983327138761,0,0.767,0,0
-0.0011961043194472776,-0.9624394592344735,0,0.766,0,0
-0.0007501092508906959,-0.9599018829837423,0,0.765,0,0
-0.0004163124161608023,-0.957390805425332,0,0.764,0,0
-0.00019442638414390867,-0.9549114888211259,0,0.763,0,0
-0.00008378084659099727,-0.9524692217724798,0,0.762,0,0
-0.00008331919436399549,-0.9500692836750811,0,0.761,0,0
-0.00019159869191820444,-0.9477169084670902,0,0.76,0,0
-0.0004067946799737321,-0.9454172482957741,0,0.759,0,0
-0.0007267086859537031,-0.9431753374358159,0,0.758,0,0
-0.0011487799033029766,-0.9409960571406965,0,0.757,0,0
-0.0016701007665514966,-0.9388841013961117,0,0.756,0,0
-0.0022874378928415817,-0.9368439468206001,0,0.755,0,0
-0.002997246956585653,-0.9348798148519576,0,0.754,0,0
-0.003795708467619008,-0.9329956527330011,0,0.753,0,0
-0.0046787576432045785,-0.9311951187403903,0,0.752,0,0
-0.005642089786503601,-0.9294815188249742,0,0.751,0,0
-0.006681229731318572,-0.9278578472013672,0,0.75,0,0
-0.007791537821289496,-0.9263267343957082,0,0.749,0,0
-0.008968250815753587,-0.9248904260087815,0,0.748,0,0
-0.010206525909437714,-0.9235508374245778,0,0.747,0,0
-0.011501460968983301,-0.9223094567912696,0,0.746,0,0
-0.012848140668395902,-0.9211674381016495,0,0.745,0,0
-0.014241661827276708,-0.9201255467906247,0,0.744,0,0
-0.015677174064804178,-0.9191841722803052,0,0.743,0,0
-0.017149894105020436,-0.9183433850942374,0,0.742,0,0
-0.018655159402862775,-0.9176028674006679,0,0.741,0,0
-0.020188425771125118,-0.9169620140920304,0,0.74,0,0
-0.021745311739584827,-0.9164198896934932,0,0.739,0,0
-0.023321618871952166,-0.9159752645470872,0,0.738,0,0
-0.024913324669661896,-0.9156266607741834,0,0.737,0,0
-0.026516646652391618,-0.9153723174683759,0,0.736,0,0
-0.028127994726737326,-0.9152102786563159,0,0.735,0,0
-0.029744067331736734,-0.9151383361437605,0,0.734,0,0
-0.03136172536023152,-0.9151541581458881,0,0.733,0,0
-0.032978180534597556,-0.9152551817596898,0,0.732,0,0
-0.03459079001536003,-0.915438762769883,0,0.731,0,0
-0.03619727525869709,-0.9157020811983766,0,0.73,0,0
-0.03779551250323776,-0.9160422548539853,0,0.729,0,0
-0.03938370905946609,-0.91645628908996,0,0.728,0,0
-0.04096025716222251,-0.9169411385349974,0,0.727,0,0
-0.04252385210691778,-0.9174936932033947,0,0.726,0,0
-0.04407336428126851,-0.9181108153607728,0,0.725,0,0
-0.04560795094314729,-0.9187893362907179,0,0.724,0,0
-0.04712693521998368,-0.919526078401395,0,0.723,0,0
-0.04862989795726336,-0.9203178604632326,0,0.722,0,0
-0.050116580804257294,-0.9211615075840444,0,0.721,0,0
-0.0515869466528992,-0.9220538604051388,0,0.72,0,0
-0.05304111513121912,-0.922991778563053,0,0.719,0,0
-0.05447938828251131,-0.9239721483918095,0,0.718,0,0
-0.055902219168052714,-0.9249918852657005,0,0.717,0,0
-0.057310207408974856,-0.9260479360743694,0,0.716,0,0
-0.058704089386059866,-0.9271372821695865,0,0.715,0,0
-0.06008472050754421,-0.9282569376030334,0,0.714,0,0
-0.061453075037735894,-0.9294039522723354,0,0.713,0,0
-0.0628102264390209,-0.9305754082997476,0,0.712,0,0
-0.06415733546255098,-0.931768417460687,0,0.711,0,0
-0.06549564828979015,-0.9329801218402461,0,0.71,0,0
-0.06682647827209753,-0.9342076879855501,0,0.709,0,0
-0.0681511961838962,-0.9354483034664051,0,0.708,0,0
-0.06947122488593027,-0.9366991746277634,0,0.707,0,0
-0.07078802395477946,-0.9379575201961217,0,0.706,0,0
-0.07210308127827869,-0.9392205674033482,0,0.705,0,0
-0.07341790440960005,-0.9404855474317371,0,0.704,0,0
-0.07473400790059326,-0.9417496892035032,0,0.703,0,0
-0.07605290375793938,-0.9430102137829935,0,0.702,0,0
-0.07737609785314281,-0.9442643356993673,0,0.701,0,0
-0.07870506041449332,-0.9455092425153666,0,0.7,0,0
-0.08004124760959774,-0.9467421123194519,0,0.699,0,0
-0.08138605554630862,-0.9479600865636751,0,0.698,0,0
-0.0827408317283499,-0.9491602788732476,0,0.697,0,0
-0.0841068703005926,-0.9503397744922284,0,0.696,0,0
-0.08548536774371007,-0.9514956093044432,0,0.695,0,0
-0.08687745812291048,-0.9526247901813102,0,0.694,0,0
-0.08828414790299066,-0.9537242681320306,0,0.693,0,0
-0.08970636710565572,-0.9547909634812722,0,0.692,0,0
-0.0911448828662823,-0.9558217364190028,0,0.691,0,0
-0.09260037337348848,-0.9568134175873286,0,0.69,0,0
-0.09407331742383218,-0.9577627786539595,0,0.689,0,0
-0.09556409176437963,-0.9586665649838244,0,0.688,0,0
-0.0970728374305806,-0.9595214708477415,0,0.687,0,0
-0.0985995789979609,-0.9603241698711334,0,0.686,0,0
-0.10014407105214573,-0.9610713001547617,0,0.685,0,0
-0.10170593546705486,-0.9617594878085586,0,0.684,0,0
-0.10328449390917527,-0.9623853471587567,0,0.683,0,0
-0.10487891714876307,-0.9629454930933695,0,0.682,0,0
-0.10648805166278597,-0.9634365604815714,0,0.681,0,0
-0.10811057331223306,-0.963855202383118,0,0.68,0,0
-0.10974481779283918,-0.9641981307623866,0,0.679,0,0
-0.1113889299573988,-0.9644620997862636,0,0.678,0,0
-0.11304070862897808,-0.9646439670204412,0,0.677,0,0
-0.114697742772229,-0.9647406638718635,0,0.676,0,0
-0.11635728091872244,-0.9647492729324046,0,0.675,0,0
-0.11801634121720173,-0.9646669944950041,0,0.674,0,0
-0.11967163418202231,-0.9644912171932479,0,0.673,0,0
-0.12131962221245807,-0.964219503839826,0,0.672,0,0
-0.12295647829110212,-0.9638496561035002,0,0.671,0,0
-0.12457813982461685,-0.9633797051903744,0,0.67,0,0
-0.12618030577254336,-0.9628079439935101,0,0.669,0,0
-0.12775843675822485,-0.9621329814683144,0,0.668,0,0
-0.1293078112881335,-0.9613537104613704,0,0.667,0,0
-0.1308235138860402,-0.9604693829614388,0,0.666,0,0
-0.13230047920195342,-0.9594796101770758,0,0.665,0,0
-0.13373352365916635,-0.9583843504599578,0,0.664,0,0
-0.13511736131223184,-0.9571839941485752,0,0.663,0,0
-0.13644665502437714,-0.9558793045068448,0,0.662,0,0
-0.1377160405580624,-0.9544714595181607,0,0.661,0,0
-0.1389201733092129,-0.9529620818061203,0,0.66,0,0
-0.14005375734022363,-0.9513531734204171,0,0.659,0,0
-0.14111159416320251,-0.9496471786081159,0,0.658,0,0
-0.1420886181060773,-0.9478469434649812,0,0.657,0,0
-0.14297993670526077,-0.9459557111196225,0,0.656,0,0
-0.14378086924547218,-0.9439771056554837,0,0.655,0,0
-0.14448698375888402,-0.941915111740021,0,0.654,0,0
-0.14509413195465892,-0.939774050123568,0,0.653,0,0
-0.14559848143694565,-0.9375585493511139,0,0.652,0,0
-0.14599654332049306,-0.9352735129955738,0,0.651,0,0
-0.1462851997844684,-0.932924086976697,0,0.65,0,0
-0.1464617396639618,-0.9305156247963731,0,0.649,0,0
-0.14652382720252666,-0.9280536325710442,0,0.648,0,0
-0.14646958572675928,-0.9255437517638251,0,0.647,0,0
-0.14629755517484583,-0.9229916979501857,0,0.646,0,0
-0.1460066928162877,-0.9204032284550416,0,0.645,0,0
-0.14559642730553557,-0.9177840966448894,0,0.644,0,0
-0.14506658537691602,-0.9151400125793635,0,0.643,0,0
-0.144417418140526,-0.9124766063787912,0,0.642,0,0
-0.14364960498232182,-0.9097993776639716,0,0.641,0,0
-0.14276418226151572,-0.9071136827793148,0,0.64,0,0
-0.14176257652869656,-0.9044246823234628,0,0.639,0,0
-0.14064656801346653,-0.9017373084318532,0,0.638,0,0
-0.13941822580537555,-0.8990562776390467,0,0.637,0,0
-0.13807995756618385,-0.8963859983184672,0,0.636,0,0
-0.13663439863273447,-0.8937306314336274,0,0.635,0,0
-0.13508444811415216,-0.891094007079404,0,0.634,0,0
-0.13343320453031698,-0.8884796461422029,0,0.633,0,0
-0.13168393937364598,-0.8858907637552991,0,0.632,0,0
-0.12984008994991736,-0.8833302050253149,0,0.631,0,0
-0.12790519790823662,-0.8808005312100247,0,0.63,0,0
-0.12588291422550613,-0.8783039248005827,0,0.629,0,0
-0.12377695021716384,-0.8758422662041558,0,0.628,0,0
-0.12159106569343092,-0.8734171068828961,0,0.627,0,0
-0.11932904169588354,-0.8710296589954452,0,0.626,0,0
-0.11699466238510348,-0.8686808640985862,0,0.625,0,0
-0.11459169191221064,-0.8663713192178302,0,0.624,0,0
-0.11212386395664364,-0.8641013718728137,0,0.623,0,0
-0.10959486242017824,-0.8618710720520943,0,0.622,0,0
-0.10700830992702415,-0.8596802158174348,0,0.621,0,0
-0.10436775988478852,-0.8575283560373694,0,0.62,0,0
-0.10167668357239046,-0.8554148055193677,0,0.619,0,0
-0.09893846410114149,-0.8533386575637474,0,0.618,0,0
-0.09615639605644599,-0.8512988084590315,0,0.617,0,0
-0.09333367805482418,-0.8492939615710684,0,0.616,0,0
-0.09047340878712062,-0.8473226401421833,0,0.615,0,0
-0.08757859315539995,-0.8453832113811969,0,0.614,0,0
-0.08465214053340753,-0.8434738940917622,0,0.613,0,0
-0.08169686462892556,-0.8415927686956677,0,0.612,0,0
-0.07871549005354439,-0.8397377941076027,0,0.611,0,0
-0.07571065653457976,-0.8379068190707251,0,0.61,0,0
-0.07268492433143747,-0.836097593473904,0,0.609,0,0
-0.06964078025464937,-0.8343077790204896,0,0.608,0,0
-0.0665806443667909,-0.8325349594182131,0,0.607,0,0
-0.06350687849391345,-0.8307766514534529,0,0.606,0,0
-0.060421794763321324,-0.8290303150167418,0,0.605,0,0
-0.057327664602054296,-0.8272933628864069,0,0.604,0,0
-0.054226723359489415,-0.8255631641168706,0,0.603,0,0
-0.05112119025899531,-0.8238370667108206,0,0.602,0,0
-0.048013266530649634,-0.8221123895817036,0,0.601,0,0
-0.044905151787328346,-0.8203864444607734,0,0.6,0,0
-0.04179905561937036,-0.8186565381708439,0,0.599,0,0
-0.03869719773494018,-0.8169199806039029,0,0.598,0,0
-0.03560183589803256,-0.815174101718726,0,0.597,0,0
-0.032515251151957636,-0.8134162459464328,0,0.596,0,0
-0.02943978722297058,-0.8116438018732149,0,0.595,0,0
-0.026377827785381336,-0.8098541879389365,0,0.594,0,0
-0.023331837543150824,-0.808044888364606,0,0.593,0,0
-0.0203043422293383,-0.8062134390396033,0,0.592,0,0
-0.017297959164780607,-0.8043574596373129,0,0.591,0,0
-0.014315391467606964,-0.8024746516440149,0,0.59,0,0
-0.01135943657759031,-0.8005628140048727,0,0.589,0,0
-0.008433004378014086,-0.7986198675289937,0,0.588,0,0
-0.005539096474468597,-0.7966438415359098,0,0.587,0,0
-0.0026808388566941233,-0.7946329198525289,0,0.586,0,0
0.0001385323923472903,-0.7925854385906053,0,0.585,0,0
0.002915671438492473,-0.7904998943074523,0,0.584,0,0
0.0056471057033652405,-0.7883749924891336,0,0.583,0,0
0.008329267672063878,-0.78620960767616,0,0.582,0,0
0.010958460081713861,-0.7840028786990895,0,0.581,0,0
0.013530904308465042,-0.7817541314961879,0,0.58,0,0
0.01604270701559518,-0.7794629973549791,0,0.579,0,0
0.018489905523033756,-0.7771293338781868,0,0.578,0,0
0.020868453681203047,-0.7747533202522882,0,0.577,0,0
0.023174253702304304,-0.7723354230518301,0,0.576,0,0
0.02540316390329822,-0.7698764248865659,0,0.575,0,0
0.02755102338634008,-0.7673774667479172,0,0.574,0,0
0.029613669780609198,-0.7648399943341786,0,0.573,0,0
0.031586969297859646,-0.7622658541913904,0,0.572,0,0
0.03346683616739954,-0.7596572239482717,0,0.571,0,0
0.03524926626302116,-0.7570166686603425,0,0.57,0,0
0.03693037221041939,-0.7543471369741023,0,0.569,0,0
0.038506397061325526,-0.7516519230763001,0,0.568,0,0
0.039973773963418835,-0.7489347233654952,0,0.567,0,0
0.041329144343896784,-0.7461995867120728,0,0.566,0,0
0.042569380989463834,-0.743450900249091,0,0.565,0,0
0.043691662601406,-0.7406934185783616,0,0.564,0,0
0.044693462643688564,-0.7379321904948262,0,0.563,0,0
0.04557260707220245,-0.7351725672247048,0,0.562,0,0
0.04632730085776171,-0.7324201655624326,0,0.561,0,0
0.04695615775911721,-0.7296808370822576,0,0.56,0,0
0.04745822348125728,-0.7269606300142338,0,0.559,0,0
0.047832998863027165,-0.724265750267308,0,0.558,0,0
0.0480804590971331,-0.7216025186331344,0,0.557,0,0
0.04820106592166473,-0.7189773247156405,0,0.556,0,0
0.04819577694451538,-0.7163965793653254,0,0.555,0,0
0.04806604879327303,-0.7138666654266995,0,0.554,0,0
0.04781383487221902,-0.7113938877863104,0,0.553,0,0
0.04744157745510702,-0.7089844234376627,0,0.552,0,0
0.046952194111497314,-0.706644272294914,0,0.551,0,0
0.04634905769048647,-0.7043792102960427,0,0.55,0,0
0.04563597664768959,-0.7021947398906253,0,0.549,0,0
0.04481715246190476,-0.7000960597614312,0,0.548,0,0
0.0438971675315194,-0.6980880051028565,0,0.547,0,0
0.042880927378589395,-0.6961750295647342,0,0.546,0,0
0.04177362225198478,-0.6943611800312023,0,0.545,0,0
0.04058069328256808,-0.6926500540525763,0,0.544,0,0
0.03930778015357872,-0.6910447830889525,0,0.543,0,0
0.037960669260658664,-0.689548034021884,0,0.542,0,0
0.036545251560043956,-0.6881619952237317,0,0.541,0,0
0.03506747473227656,-0.6868883530652534,0,0.54,0,0
0.03353329295903884,-0.6857283168801643,0,0.539,0,0
0.031948629709739995,-0.6846826458065318,0,0.538,0,0
0.03031930238312397,-0.6837515265703275,0,0.537,0,0
0.028651061347585216,-0.6829348818863858,0,0.536,0,0
0.026949421802613616,-0.682231993062679,0,0.535,0,0
0.02521979053968193,-0.6816419141176812,0,0.534,0,0
0.023467276023607875,-0.6811631831260067,0,0.533,0,0
0.021696802560740358,-0.6807940721485031,0,0.532,0,0
0.019912957468625425,-0.6805324520997273,0,0.531,0,0
0.01812010207165682,-0.680375957923302,0,0.53,0,0
0.016322226424691277,-0.6803219028124189,0,0.529,0,0
0.014523065583960326,-0.6803674046487918,0,0.528,0,0
0.012725969186854869,-0.6805093370638388,0,0.527,0,0
0.010934012826734008,-0.6807444206098999,0,0.526,0,0
0.009149889385990595,-0.6810692024474525,0,0.525,0,0
0.007376008255909117,-0.6814801181837767,0,0.524,0,0
0.005614412226488619,-0.6819734915592743,0,0.523,0,0
0.003866859947607715,-0.6825455736145626,0,0.522,0,0
0.002134769426557992,-0.6831925542550681,0,0.521,0,0
0.0004192815789390014,-0.6839105852939351,0,0.52,0,0
-0.0012787708337108628,-0.6846957969384359,0,0.519,0,0
-0.002958818656311979,-0.6855443105154796,0,0.518,0,0
-0.004620564736651511,-0.6864522544802248,0,0.517,0,0
-0.006263956896417455,-0.6874157714943533,0,0.516,0,0
-0.00788917744897033,-0.6884310302610268,0,0.515,0,0
-0.009496631118109389,-0.6894942303033634,0,0.514,0,0
-0.01108691995054456,-0.6906016075971471,0,0.513,0,0
-0.012660845691532419,-0.6917494398279613,0,0.512,0,0
-0.014219364913740151,-0.6929340426083324,0,0.511,0,0
-0.01576360581081726,-0.6941517770341248,0,0.51,0,0
-0.017294833703085044,-0.6953990442961981,0,0.509,0,0
-0.01881444036854485,-0.6966722845777972,0,0.508,0,0
-0.020323928982923734,-0.6979679738316132,0,0.507,0,0
-0.021824899274711484,-0.6992826196138069,0,0.506,0,0
-0.02331903278981773,-0.700612756096939,0,0.505,0,0
-0.024808077374717186,-0.7019549382732505,0,0.504,0,0
-0.026293835528828025,-0.7033057360976527,0,0.503,0,0
-0.02777815099502068,-0.7046617275721587,0,0.502,0,0
-0.02926288304600433,-0.7060194921999836,0,0.501,0,0
-0.030749906614618017,-0.7073755992058611,0,0.5,0,0
-0.03224109434147998,-0.7087266115896675,0,0.499,0,0
-0.03373829359216157,-0.710069064598905,0,0.498,0,0
-0.035243318037727456,-0.7113994657530864,0,0.497,0,0
-0.03675794831918777,-0.7127142985829847,0,0.496,0,0
-0.038283865688980345,-0.7140099828369082,0,0.495,0,0
-0.039822720116917454,-0.7152829194006638,0,0.494,0,0
-0.04137601898059867,-0.7165294310436947,0,0.493,0,0
-0.04294518303725636,-0.7177457966223075,0,0.492,0,0
-0.044531518329847364,-0.7189282408901776,0,0.491,0,0
-0.046136126011200596,-0.7200729012315367,0,0.49,0,0
-0.04776003962459846,-0.7211758880801932,0,0.489,0,0
-0.04940400411859719,-0.7222332117123106,0,0.488,0,0
-0.051068647710127535,-0.7232408465747056,0,0.487,0,0
-0.052754356731628926,-0.7241947032482104,0,0.486,0,0
-0.05446123131218683,-0.7250906303125912,0,0.485,0,0
-0.05618924178207124,-0.7259244528949897,0,0.484,0,0
-0.05793791904396833,-0.7266919424700877,0,0.483,0,0
-0.05970665098637473,-0.7273888611547726,0,0.482,0,0
-0.06149444472152171,-0.7280109609152139,0,0.481,0,0
-0.06330001561913301,-0.72855400207286,0,0.48,0,0
-0.0651217104603593,-0.7290137788666614,0,0.479,0,0
-0.0669575546401957,-0.7293861356288694,0,0.478,0,0
-0.06880520868263945,-0.7296669921097474,0,0.477,0,0
-0.07066194145846705,-0.7298523814399765,0,0.476,0,0
-0.07252468476795398,-0.7299384561690292,0,0.475,0,0
-0.07438995544311394,-0.7299215488220923,0,0.474,0,0
-0.07625390662923504,-0.7297981875444881,0,0.473,0,0
-0.07811233204816598,-0.7295651209320368,0,0.472,0,0
-0.079960624092063,-0.7292193959173521,0,0.471,0,0
-0.08179385818549817,-0.7287583366941984,0,0.47,0,0
-0.08360675327632128,-0.7281796264105955,0,0.469,0,0
-0.08539371150245806,-0.7274813394030888,0,0.468,0,0
-0.08714886756600732,-0.7266619328747133,0,0.467,0,0
-0.0888660842554157,-0.7257203386358843,0,0.466,0,0
-0.09053901107725182,-0.7246559625630375,0,0.465,0,0
-0.09216112288841732,-0.7234687140582002,0,0.464,0,0
-0.09372576413505357,-0.722159028624067,0,0.463,0,0
-0.09522619736447369,-0.7207278913750794,0,0.462,0,0
-0.09665565756453476,-0.719176854619105,0,0.461,0,0
-0.09800740898553062,-0.7175080370815259,0,0.46,0,0
-0.09927480100777403,-0.7157241236177334,0,0.459,0,0
-0.10045132498522585,-0.713828360482078,0,0.458,0,0
-0.10153067796468795,-0.711824553045331,0,0.457,0,0
-0.1025068145241716,-0.7097170313962053,0,0.456,0,0
-0.10337400710622507,-0.7075106339006209,0,0.455,0,0
-0.10412689492020022,-0.7052106673882031,0,0.454,0,0
-0.1047605363874301,-0.702822871790898,0,0.453,0,0
-0.10527045052182088,-0.7003533717996758,0,0.452,0,0
-0.10565265739016588,-0.697808627837423,0,0.451,0,0
-0.10590370960331441,-0.695195380736688,0,0.45,0,0
-0.10602071844500244,-0.6925205936187396,0,0.449,0,0
-0.10600136791896075,-0.6897913918548821,0,0.448,0,0
-0.1058439474436369,-0.6870150027331632,0,0.447,0,0
-0.1055473310792105,-0.6841986872297509,0,0.446,0,0
-0.10511095914015167,-0.6813496892393114,0,0.445,0,0
-0.10453489677646244,-0.6784751631266742,0,0.444,0,0
-0.10381974492494717,-0.6755821252519265,0,0.443,0,0
-0.10296663703987441,-0.6726774071341681,0,0.442,0,0
-0.10197725568235316,-0.6697675781398164,0,0.441,0,0
-0.10085373372526824,-0.6668589339794543,0,0.44,0,0
-0.09959865396749229,-0.6639574445075384,0,0.439,0,0
-0.09821502603939136,-0.6610686940391591,0,0.438,0,0
-0.09670619848948014,-0.6581979005505461,0,0.437,0,0
-0.09507585400791024,-0.6553498570447561,0,0.436,0,0
-0.09332796091053347,-0.6525289058220254,0,0.435,0,0
-0.09146670713448396,-0.6497389741079242,0,0.434,0,0
-0.08949648442052366,-0.6469835199131669,0,0.433,0,0
-0.08742183996353253,-0.6442655152062856,0,0.432,0,0
-0.08524742108699584,-0.6415875466530876,0,0.431,0,0
-0.08297796282779502,-0.6389516654297422,0,0.43,0,0
-0.08061823536732698,-0.6363595770725993,0,0.429,0,0
-0.07817302010746663,-0.6338124577279084,0,0.428,0,0
-0.0756470851461028,-0.6313111713450531,0,0.427,0,0
-0.07304514749525332,-0.6288560994879403,0,0.426,0,0
-0.07037186812974405,-0.6264473085654972,0,0.425,0,0
-0.06763181790756934,-0.624084467762409,0,0.424,0,0
-0.0648294703107804,-0.6217669231002838,0,0.423,0,0
-0.06196919457441796,-0.619493715957624,0,0.422,0,0
-0.05905522542594138,-0.6172635615578037,0,0.421,0,0
-0.056091690570139074,-0.6150749425333287,0,0.42,0,0
-0.053082567488701715,-0.6129260494514649,0,0.419,0,0
-0.050031717218418204,-0.6108148698579731,0,0.418,0,0
-0.0469428640815483,-0.6087391672081838,0,0.417,0,0
-0.043819601713078915,-0.6066965095061638,0,0.416,0,0
-0.040665411373642935,-0.6046843045060887,0,0.415,0,0
-0.03748365090171574,-0.6026997935517634,0,0.414,0,0
-0.03427757331450082,-0.6007400829676832,0,0.413,0,0
-0.031050334497232268,-0.5988021576382235,0,0.412,0,0
-0.02780500398095631,-0.5968828965701676,0,0.411,0,0
-0.024544576811630026,-0.5949790879109692,0,0.41,0,0
-0.021271986299758683,-0.5930874433928461,0,0.409,0,0
-0.01799011750207402,-0.5912046122315936,0,0.408,0,0
-0.014701821622254085,-0.5893271950214155,0,0.407,0,0
-0.011409930477471408,-0.5874517572505203,0,0.406,0,0
-0.008117272657367114,-0.5855748423039667,0,0.405,0,0
-0.004826685488141136,-0.5836929844123092,0,0.404,0,0
-0.0015410372168661035,-0.5818027243758404,0,0.403,0,0
0.0017367701529782398,-0.5799006169234062,0,0.402,0,0
0.005003765770314472,-0.5779832563878342,0,0.401,0,0
0.008256923508038139,-0.5760472728529691,0,0.4,0,0
0.011493110834238984,-0.5740893731772142,0,0.399,0,0
0.014709118209094818,-0.5721063243208729,0,0.398,0,0
0.01790159957674925,-0.570095007520026,0,0.397,0,0
0.021067105795383123,-0.568052397412211,0,0.396,0,0
0.02420203383562619,-0.5659756163967865,0,0.395,0,0
0.027302647092455334,-0.5638619272068863,0,0.394,0,0
0.03036505117963373,-0.5617087677866411,0,0.393,0,0
0.03338518767192927,-0.5595137783755815,0,0.392,0,0
0.036358847708050646,-0.5572747965468212,0,0.391,0,0
0.0392816352100136,-0.5549899366743164,0,0.39,0,0
0.04214901626031592,-0.5526575346215431,0,0.389,0,0
0.04495626987642021,-0.5502762673543893,0,0.388,0,0
0.047698541496485114,-0.5478450907341842,0,0.387,0,0
0.050370819186439264,-0.5453633345263984,0,0.386,0,0
0.052967964840903825,-0.5428306999937881,0,0.385,0,0
0.055484732764761735,-0.5402472597655823,0,0.384,0,0
0.05791577671163106,-0.5376135626798473,0,0.383,0,0
0.06025569399437697,-0.5349305556348505,0,0.382,0,0
0.06249904070776047,-0.5321996899612695,0,0.381,0,0
0.06464037632850922,-0.5294229127888459,0,0.38,0,0
0.06667428997598024,-0.5266026392894002,0,0.379,0,0
0.06859546011495499,-0.5237418713670756,0,0.378,0,0
0.07039867809826805,-0.5208440833047123,0,0.377,0,0
0.07207891489244206,-0.5179133206501827,0,0.376,0,0
0.07363136414093291,-0.514954151330396,0,0.375,0,0
0.0750514942830231,-0.5119716681002812,0,0.374,0,0
0.07633510170565383,-0.5089714737517779,0,0.373,0,0
0.0774783763799674,-0.5059596714552939,0,0.372,0,0
0.0784779462390704,-0.5029428213599697,0,0.371,0,0
0.07933092338106779,-0.49992790388105374,0,0.37,0,0
0.08003495862642002,-0.49692228346954437,0,0.369,0,0
0.08058830013847684,-0.49393366248800685,0,0.368,0,0
0.08098981771033714,-0.49097001306088467,0,0.367,0,0
0.08123903103603985,-0.48803951623459385,0,0.366,0,0
0.08133614957117635,-0.4851504982494174,0,0.365,0,0
0.08128208977888907,-0.4823113546856942,0,0.364,0,0
0.08107848107444049,-0.47953047414282374,0,0.363,0,0
0.08072766586673114,-0.4768161606755275,0,0.362,0,0
0.08023269040886172,-0.47417655576860074,0,0.361,0,0
0.07959728697281321,-0.4716195606658566,0,0.36,0,0
0.07882584311221008,-0.46915276266956524,0,0.359,0,0
0.07792337665624205,-0.4667833522371475,0,0.358,0,0
0.0768954571559417,-0.46451808442568143,0,0.357,0,0
0.07574818932637867,-0.4623631871068206,0,0.356,0,0
0.07448813318561132,-0.4603243193471987,0,0.355,0,0
0.07312223285370689,-0.45840653857043173,0,0.354,0,0
0.07165775382560835,-0.456614261249281,0,0.353,0,0
0.07010221318429843,-0.4549512145189952,0,0.352,0,0
0.06846329614216345,-0.45342044213113003,0,0.351,0,0
0.06674878288987246,-0.45202430272039523,0,0.35,0,0
0.0649664765720896,-0.4507644119706069,0,0.349,0,0
0.06312413093608849,-0.44964177370996666,0,0.348,0,0
0.06122937839377135,-0.44865664889632445,0,0.347,0,0
0.05928967625552822,-0.4478087105658258,0,0.346,0,0
0.05731223677136649,-0.4470969790119694,0,0.345,0,0
0.055303982295577536,-0.4465199212156985,0,0.344,0,0
0.053271501845959746,-0.4460754584692205,0,0.343,0,0
0.051220994662063535,-0.4457610160232603,0,0.342,0,0
0.049158273200761715,-0.4455735856760389,0,0.341,0,0
0.047088680586927445,-0.4455097375860474,0,0.34,0,0
0.04501715054298805,-0.4455657162458803,0,0.339,0,0
0.0429480916434275,-0.4457374293706384,0,0.338,0,0
0.04088550521742057,-0.4460205555526141,0,0.337,0,0
0.038832836601083776,-0.4464105248927429,0,0.336,0,0
0.0367931440081416,-0.44690261978746076,0,0.335,0,0
0.03476892299988332,-0.44749195921456325,0,0.334,0,0
0.03276231349363479,-0.448173579450478,0,0.333,0,0
0.03077490798039728,-0.44894242955381247,0,0.332,0,0
0.028807980696213265,-0.44979342490916335,0,0.331,0,0
0.026862291880172307,-0.4507214570135646,0,0.33,0,0
0.024938311997771523,-0.4517214191639184,0,0.329,0,0
0.02303609053355271,-0.45278822454549333,0,0.328,0,0
0.021155352128109373,-0.45391681909866827,0,0.327,0,0
0.01929550814901765,-0.45510219170680166,0,0.326,0,0
0.017455679012572334,-0.45633938178009387,0,0.325,0,0
0.015634714429015706,-0.45762348509548034,0,0.324,0,0
0.013831222416077538,-0.45894965500555673,0,0.323,0,0
0.012043595258192541,-0.46031310136808107,0,0.322,0,0
0.010270032613103997,-0.46170908804449645,0,0.321,0,0
0.00850856301582914,-0.4631329290731575,0,0.32,0,0
0.006757068548266576,-0.46457998205379264,0,0.319,0,0
0.0050133106764087,-0.4660456395046376,0,0.318,0,0
0.0032749526268540663,-0.46752532007517644,0,0.317,0,0
0.0015395821635656448,-0.46901445891315063,0,0.316,0,0
-0.00019526886003401467,-0.47050849579881254,0,0.315,0,0
-0.0019320930240350753,-0.4720028652609325,0,0.314,0,0
-0.003673392067544967,-0.47349298181313615,0,0.313,0,0
-0.005421649255844818,-0.47497423164103947,0,0.312,0,0
-0.007179308692278341,-0.47644195920858834,0,0.311,0,0
-0.008948743518953806,-0.47789145270558553,0,0.31,0,0
-0.010732248917685483,-0.4793179441648872,0,0.309,0,0
-0.012531984567495158,-0.4807165802265,0,0.308,0,0
-0.014349996584128888,-0.4820824414031269,0,0.307,0,0
-0.016188129433206966,-0.48341050173489925,0,0.306,0,0
-0.01804806525033964,-0.48469565785836344,0,0.305,0,0
-0.01993123404085867,-0.48593269603005707,0,0.304,0,0
-0.02183882830756939,-0.48711631243132475,0,0.303,0,0
-0.023771756359089402,-0.4882411051065037,0,0.302,0,0
-0.025730603348387504,-0.48930157985175876,0,0.301,0,0
-0.027715631022913745,-0.4902921640354784,0,0.3,0,0
-0.02972670863456961,-0.4912072105045742,0,0.299,0,0
-0.03176330205567984,-0.49204102009054235,0,0.298,0,0
-0.03382446894536528,-0.4927878603245901,0,0.297,0,0
-0.03590877892765365,-0.49344198823431895,0,0.296,0,0
-0.038014320688186276,-0.49399768380592796,0,0.295,0,0
-0.040138698682566365,-0.4944492763003741,0,0.294,0,0
-0.04227895242301061,-0.49479119295493973,0,0.293,0,0
-0.04443158617519183,-0.4950179982481911,0,0.292,0,0
-0.046592568864892714,-0.4951244285575818,0,0.291,0,0
-0.048757260667368324,-0.4951054740961521,0,0.29,0,0
-0.05092049081611699,-0.49495639905546823,0,0.289,0,0
-0.05307651066704083,-0.4946728237808623,0,0.288,0,0
-0.05521902835299142,-0.49425077468568207,0,0.287,0,0
-0.057341226652399574,-0.4936867470334765,0,0.286,0,0
-0.05943579329982884,-0.49297776591164216,0,0.285,0,0
-0.06149496009270272,-0.49212144642727845,0,0.284,0,0
-0.06351055134191608,-0.49111605104155953,0,0.283,0,0
-0.06547404131019074,-0.48996054418767593,0,0.282,0,0
-0.06737662253838411,-0.48865463318639446,0,0.281,0,0
-0.06920927717036632,-0.487198816438912,0,0.28,0,0
-0.07096286011755348,-0.4855944120333504,0,0.279,0,0
-0.07262818667013665,-0.4838435809817713,0,0.278,0,0
-0.07419612533129491,-0.4819493387305539,0,0.277,0,0
-0.07565769411939804,-0.4799155555567213,0,0.276,0,0
-0.07700415682376041,-0.47774694085631136,0,0.275,0,0
-0.07822712029192697,-0.4754490197871899,0,0.274,0,0
-0.07931863045611051,-0.47302809652370803,0,0.273,0,0
-0.08027125936144491,-0.4704911981270621,0,0.272,0,0
-0.08107819075699862,-0.4678460161319811,0,0.271,0,0
-0.08173329300218657,-0.46510082934218866,0,0.27,0,0
-0.0822311903823143,-0.4622644244377138,0,0.269,0,0
-0.08256730658462927,-0.45934599886969424,0,0.268,0,0
-0.08273791778395734,-0.4563550688467106,0,0.267,0,0
-0.08274016338033188,-0.4533013642207085,0,0.266,0,0
-0.08257209060817369,-0.4501947291730833,0,0.265,0,0
-0.08223263104691908,-0.447045013542263,0,0.264,0,0
-0.0817215873576026,-0.44386197738703764,0,0.263,0,0
-0.08103961951163643,-0.4406551947308351,0,0.262,0,0
-0.08018822220220195,-0.43743395451601724,0,0.261,0,0
-0.07916965976794604,-0.43420718156360727,0,0.26,0,0
-0.07798691124817297,-0.4309833667913412,0,0.259,0,0
-0.07664361660503288,-0.4277705002709643,0,0.258,0,0
-0.07514402152412525,-0.4245760013870629,0,0.257,0,0
-0.07349289327728883,-0.4214066836844929,0,0.256,0,0
-0.0716954476998001,-0.41826872583159974,0,0.255,0,0
-0.06975727953852848,-0.4151676514049292,0,0.254,0,0
-0.06768430894791572,-0.4121082644680413,0,0.253,0,0
-0.06548268126622725,-0.40909470996156627,0,0.252,0,0
-0.06315872019001265,-0.40613046083756194,0,0.251,0,0
-0.060718868764095824,-0.4032182556701177,0,0.25,0,0
-0.058169619784209314,-0.4003602352588672,0,0.249,0,0
-0.055517475942748556,-0.397557860328648,0,0.248,0,0
-0.05276889408777552,-0.39481197038021015,0,0.247,0,0
-0.04993026044757487,-0.392122863206545,0,0.246,0,0
-0.04700783649500115,-0.38949022471168776,0,0.245,0,0
-0.044007749347736935,-0.38691325657075265,0,0.244,0,0
-0.04093596771589508,-0.38439067601395155,0,0.243,0,0
-0.037798266370898614,-0.38192071719862014,0,0.242,0,0
-0.034600249698429536,-0.37950124140511604,0,0.241,0,0
-0.031347314808486654,-0.3771297044037116,0,0.24,0,0
-0.028044665596851343,-0.37480322374310404,0,0.239,0,0
-0.024697312641966146,-0.3725186053179505,0,0.238,0,0
-0.021310080043074886,-0.37027237544574426,0,0.237,0,0
-0.017887615679461982,-0.36806081158302517,0,0.236,0,0
-0.014434405000569472,-0.3658799722782581,0,0.235,0,0
-0.010954785695622554,-0.36372572341078246,0,0.234,0,0
-0.00745296652176114,-0.36159376560310375,0,0.233,0,0
-0.003933047649030658,-0.35947965923917,0,0.232,0,0
-0.0003990474004515743,-0.35737885623907295,0,0.231,0,0
0.0031450859470402714,-0.3552867062863835,0,0.23,0,0
0.00669543658614416,-0.3531985002018578,0,0.229,0,0
0.010248105408820374,-0.35110947716702656,0,0.228,0,0
0.013799176975684863,-0.34901485632339674,0,0.227,0,0
0.017344702571946452,-0.3469098539295173,0,0.226,0,0
0.02088065880042128,-0.34478971306156886,0,0.225,0,0
0.024402941311521986,-0.3426497188778754,0,0.224,0,0
0.02790732159954515,-0.340485232060604,0,0.223,0,0
0.03138942768039529,-0.338291714597169,0,0.222,0,0
0.03484473656809886,-0.33606474292941996,0,0.221,0,0
0.038268514434099093,-0.3338000704376778,0,0.22,0,0
0.04165584631920763,-0.33149361574697356,0,0.219,0,0
0.04500157467979746,-0.32914153563847837,0,0.218,0,0
0.04830030504304819,-0.3267402459528755,0,0.217,0,0
0.05154640785658923,-0.32428643805736573,0,0.216,0,0
0.05473397329725874,-0.32177717058299193,0,0.215,0,0
0.05785684718941245,-0.31920986124596923,0,0.214,0,0
0.06090861653141186,-0.31658234814429603,0,0.213,0,0
0.0638826054553038,-0.3138929661253654,0,0.212,0,0
0.06677191669739038,-0.31114053853222956,0,0.211,0,0
0.06956943363240145,-0.3083244543654176,0,0.21,0,0
0.07226784624500762,-0.3054447435302101,0,0.209,0,0
0.0748597041757795,-0.3025020534486876,0,0.208,0,0
0.0773374439465849,-0.29949774091917275,0,0.207,0,0
0.07969344927013303,-0.2964339315194343,0,0.206,0,0
0.08192010950798964,-0.2933134768293263,0,0.205,0,0
0.0840098869249418,-0.29014005898018697,0,0.204,0,0
0.08595539399806773,-0.2869181785073609,0,0.203,0,0
0.08774947466445021,-0.2836531705464749,0,0.202,0,0
0.08938528981620392,-0.28035120287375137,0,0.201,0,0
0.09085640881870344,-0.2770192692664345,0,0.2,0,0
0.09215690962859174,-0.273665173827796,0,0.199,0,0
0.09328147268310827,-0.27029748915126994,0,0.198,0,0
0.09422547203682707,-0.26692550244592284,0,0.197,0,0
0.09498506462337036,-0.263559151729025,0,0.196,0,0
0.09555727205603803,-0.2602089476751488,0,0.195,0,0
0.09594006820537682,-0.25688588534758805,0,0.194,0,0
0.09613243927743015,-0.2536013336787785,0,0.193,0,0
0.09613442737084038,-0.25036691771038083,0,0.192,0,0
0.09594717458347723,-0.24719439514022673,0,0.191,0,0
0.09557294036238423,-0.24409552308341273,0,0.19,0,0
0.09501510261603979,-0.24108192158589486,0,0.189,0,0
0.0942781398930072,-0.2381649361581104,0,0.188,0,0
0.093367594407755,-0.2353555025627577,0,0.187,0,0
0.0922900164502542,-0.2326640166886352,0,0.186,0,0
0.09105288848750742,-0.23010021596591967,0,0.185,0,0
0.08966454470135043,-0.22767306026644457,0,0.184,0,0
0.08813405835481058,-0.22539064012410517,0,0.183,0,0
0.08647112608051177,-0.22326010025155751,0,0.182,0,0
0.08468594765127163,-0.22128757678786,0,0.181,0,0
0.08278909859059053,-0.21947814311258312,0,0.18,0,0
0.08079139885821118,-0.21783579213797824,0,0.179,0,0
0.07870377047607063,-0.21636335475046084,0,0.178,0,0
0.07653712911569421,-0.21506271631380328,0,0.177,0,0
0.07430222327537417,-0.21393452209247427,0,0.176,0,0
0.07200958175359495,-0.21297855836671742,0,0.175,0,0
0.06966933659431779,-0.21219351406359022,0,0.174,0,0
0.0672911806268659,-0.21157723058445757,0,0.173,0,0
0.06488429174804566,-0.2111267160625867,0,0.172,0,0
0.062457182509098846,-0.2108381560814744,0,0.171,0,0
0.06001780648493121,-0.21070714885016936,0,0.17,0,0
0.05757330129426508,-0.21072859473278752,0,0.169,0,0
0.05513018187281163,-0.2108969601850598,0,0.168,0,0
0.05269414822697019,-0.21120622652988252,0,0.167,0,0
0.05027016572303622,-0.2116500363204992,0,0.166,0,0
0.04786249161842565,-0.21222175369623023,0,0.165,0,0
0.04547455999363151,-0.2129145049502912,0,0.164,0,0
0.043109201522921414,-0.21372128254896586,0,0.163,0,0
0.040768443186431136,-0.21463495825398396,0,0.162,0,0
0.03845373901000784,-0.21564835974979432,0,0.161,0,0
0.03616586734379676,-0.21675429393808898,0,0.16,0,0
0.03390504944869974,-0.21794558702214148,0,0.159,0,0
0.031670944657682804,-0.2192151088902141,0,0.158,0,0
0.02946271406698811,-0.2205557925717736,0,0.157,0,0
0.027279058264959688,-0.2219606476776283,0,0.156,0,0
0.025118260531916903,-0.2234227681219282,0,0.155,0,0
0.022978229816639023,-0.22493533467971014,0,0.154,0,0
0.020856544829420648,-0.2264916124383344,0,0.153,0,0
0.01875049717342342,-0.2280849440987241,0,0.152,0,0
0.016657133695171605,-0.2297087396779501,0,0.151,0,0
0.014573298387159178,-0.23135646309203908,0,0.15,0,0
0.012495673957745701,-0.23302161614530048,0,0.149,0,0
0.010420823504351695,-0.23469772049716436,0,0.148,0,0
0.008345229258140546,-0.23637829779871772,0,0.147,0,0
0.006265340225055399,-0.23805684720966946,0,0.146,0,0
0.0041776057963063,-0.23972682996245193,0,0.145,0,0
0.002078527694840737,-0.24138163751112404,0,0.144,0,0
-0.00003530502045523409,-0.24301458177393764,0,0.143,0,0
-0.002167172169690479,-0.24461887221189996,0,0.142,0,0
-0.004320158181976341,-0.2461875881816957,0,0.141,0,0
-0.006497139836599719,-0.24771368450582232,0,0.14,0,0
-0.008700702656992854,-0.2491899578365258,0,0.139,0,0
-0.010933098462719587,-0.250609046225288,0,0.138,0,0
-0.013196230132371797,-0.2519634373074186,0,0.137,0,0
-0.01549152527616883,-0.2532454420365139,0,0.136,0,0
-0.017819953435163335,-0.254447229135732,0,0.135,0,0
-0.020181941077111243,-0.25556082491996773,0,0.134,0,0
-0.022577302889944723,-0.2565781338080324,0,0.133,0,0
-0.025005199086248486,-0.2574909722965955,0,0.132,0,0
-0.02746409872508987,-0.2582911064176873,0,0.131,0,0
-0.029951716195438655,-0.25897029504900015,0,0.13,0,0
-0.032464941110558615,-0.25952035095652765,0,0.129,0,0
-0.03499982998998728,-0.25993320692420546,0,0.128,0,0
-0.03755157933406478,-0.2602009835266825,0,0.127,0,0
-0.0401144668601045,-0.2603160822862592,0,0.126,0,0
-0.042681838537951475,-0.2602712879260978,0,0.125,0,0
-0.04524615559974139,-0.2600598404979929,0,0.124,0,0
-0.047798950067236085,-0.2596755708607373,0,0.123,0,0
-0.05033088102365742,-0.2591129972279822,0,0.122,0,0
-0.05283177426142972,-0.25836744001500495,0,0.121,0,0
-0.055290685648538285,-0.2574351329209129,0,0.12,0,0
-0.05769598326096233,-0.2563133299383881,0,0.119,0,0
-0.06003544827829233,-0.25500040508528876,0,0.118,0,0
-0.06229639447241866,-0.25349593969679146,0,0.117,0,0
-0.06446580329298632,-0.25180080221770706,0,0.116,0,0
-0.06653047669338613,-0.24991719963689085,0,0.115,0,0
-0.06847719949086437,-0.24784871334634723,0,0.114,0,0
-0.07029291189650991,-0.24560031660346487,0,0.113,0,0
-0.07196488924511826,-0.2431783642311452,0,0.112,0,0
-0.07348091593489302,-0.2405905436601099,0,0.111,0,0
-0.07482946472367313,-0.23784582160396422,0,0.11,0,0
-0.07599986064029812,-0.23495434641403223,0,0.109,0,0
-0.07698243250391536,-0.23192733246248154,0,0.108,0,0
-0.07776865057332895,-0.2287769233034108,0,0.107,0,0
-0.07835124261789259,-0.22551603417588115,0,0.106,0,0
-0.0787242712199681,-0.22215817544384714,0,0.105,0,0
-0.07888322158759588,-0.2187172766321692,0,0.104,0,0
-0.07882501312198606,-0.21520748972224468,0,0.103,0,0
-0.0785480165265644,-0.21164300378734305,0,0.102,0,0
-0.07805203312887181,-0.20803785949896306,0,0.101,0,0
-0.0773382508649123,-0.20440577205144744,0,0.1,0,0
-0.07640918002108094,-0.20075996369954807,0,0.099,0,0
-0.07526856261224452,-0.1971130140959492,0,0.098,0,0
-0.07392126462479415,-0.19347673061828702,0,0.097,0,0
-0.07237315880897584,-0.1898620383272736,0,0.096,0,0
-0.0706309988531529,-0.18627889083892568,0,0.095,0,0
-0.0687022885198284,-0.18273620248280978,0,0.094,0,0
-0.06659514769773425,-0.17924180592537908,0,0.093,0,0
-0.06431819144860973,-0.17580239771473585,0,0.092,0,0
-0.06188038832309522,-0.17242355396985307,0,0.091,0,0
-0.05929094590556237,-0.16910976698119712,0,0.09,0,0
-0.05655921193279634,-0.16586440836438326,0,0.089,0,0
-0.05369456456984122,-0.16268977652488886,0,0.088,0,0
-0.05070633076869301,-0.15958718799541177,0,0.087,0,0
-0.04760371599051348,-0.15655699662120667,0,0.086,0,0
-0.044395730163445536,-0.15359862232379107,0,0.085,0,0
-0.04109115000154412,-0.15071066787468876,0,0.084,0,0
-0.03769848689008881,-0.1478909739777216,0,0.083,0,0
-0.034225939674357136,-0.14513663930088477,0,0.082,0,0
-0.030681405247583934,-0.14244414433916205,0,0.081,0,0
-0.02707245700335404,-0.13980937682946837,0,0.08,0,0
-0.023406356012275954,-0.13722770844193036,0,0.079,0,0
-0.01969006218153342,-0.13469405130200512,0,0.078,0,0
-0.015930253906192862,-0.13220291448703456,0,0.077,0,0
-0.012133354021633083,-0.12974845766470414,0,0.076,0,0
-0.0083055612952809,-0.12732454204198404,0,0.075,0,0
-0.004452886126468228,-0.12492477812964405,0,0.074,0,0
-0.0005811912010762615,-0.12254257272728118,0,0.073,0,0
0.003303765768656236,-0.12017117274678787,0,0.072,0,0
0.007196286497978224,-0.11780370787354502,0,0.071,0,0
0.011090684387734931,-0.11543323366103582,0,0.07,0,0
0.014981236898439346,-0.11305277311959509,0,0.069,0,0
0.018862133004078158,-0.11065536054967134,0,0.068,0,0
0.02272742383683947,-0.10823408852669673,0,0.067,0,0
0.02657098912260547,-0.10578214280752661,0,0.066,0,0
0.03038646009216739,-0.10329287145203483,0,0.065,0,0
0.03416720053589166,-0.10075982213918008,0,0.064,0,0
0.037906269777618296,-0.09817678984262643,0,0.063,0,0
0.041596346566030826,-0.09553791460448408,0,0.062,0,0
0.04522974436900647,-0.09283770465142539,0,0.061,0,0
0.04879836950758175,-0.09007111537489719,0,0.06,0,0
0.05229367307368646,-0.0872336689925995,0,0.059,0,0
0.05570669853651599,-0.08432146074801665,0,0.058,0,0
0.05902804551882499,-0.08133128645253394,0,0.057,0,0
0.062247876287134914,-0.0782607640907053,0,0.056,0,0
0.06535598835464795,-0.07510832143641137,0,0.055,0,0
0.06834181267488987,-0.07187337945986196,0,0.054,0,0
0.07119448990334332,-0.0685564072914596,0,0.053,0,0
0.07390294546970552,-0.06515900856919364,0,0.052,0,0
0.07645598275626336,-0.06168399622533996,0,0.051,0,0
0.07884239178185891,-0.05813546028755745,0,0.05,0,0
0.08105107454427936,-0.054518824778756234,0,0.049,0,0
0.08307119134041084,-0.050840899368234854,0,0.048,0,0
0.08489232085471914,-0.04710989700820569,0,0.047,0,0
0.08650463005364593,-0.04333542617989047,0,0.046,0,0
0.08789903634468214,-0.03952844591501364,0,0.045,0,0
0.08906741165991118,-0.03570124438626961,0,0.044,0,0
0.09000274968578136,-0.03186732853449867,0,0.043,0,0
0.09069934263048046,-0.02804131065103435,0,0.042,0,0
0.09115294257680256,-0.02423875857580901,0,0.041,0,0
0.09136090420613177,-0.02047601625508411,0,0.04,0,0
0.09132230292719756,-0.016769997286398004,0,0.039,0,0
0.09103802698767219,-0.013137955190661436,0,0.038,0,0
0.09051081405613393,-0.009597237422092845,0,0.037,0,0
0.08974529094241043,-0.0061650271512379935,0,0.036,0,0
0.08874793132008035,-0.002858080598997294,0,0.035,0,0
0.08752699209407255,0.00030753111659704386,0,0.034,0,0
0.08609240287043315,0.0033166666492433403,0,0.033,0,0
0.08445562931223102,0.006155350983901734,0,0.032,0,0
0.08262947695840742,0.008810961320471022,0,0.031,0,0
0.08062790276889478,0.011272423474482299,0,0.03,0,0
0.078465766174129,0.01353032176409641,0,0.029,0,0
0.07615859465831774,0.015577008014638367,0,0.028,0,0
0.07372233025585101,0.017406655820026495,0,0.027,0,0
0.07117307842001924,0.019015277892611974,0,0.026,0,0
0.0685268635885444,0.020400706805349115,0,0.025,0,0
0.06579939787587546,0.021562541187709002,0,0.024,0,0
0.0630058698346572,0.022502057047349554,0,0.023,0,0
0.060160756881703616,0.023222096071433038,0,0.022,0,0
0.057277664637673004,0.023726934222749227,0,0.021,0,0
0.05436919658187636,0.024022134382488302,0,0.02,0,0
0.05144683327970359,0.024114404119584276,0,0.019,0,0
0.04852090247714033,0.024011406833252105,0,0.018,0,0
0.0456004386434672,0.02372166098108541,0,0.017,0,0
0.0426932585339767,0.02325432421323195,0,0.016,0,0
0.03980592409727523,0.022619085225439827,0,0.015,0,0
0.03694372411176976,0.02182603549302735,0,0.014,0,0
0.0341107475915259,0.020885537702725457,0,0.013,0,0
0.03130992463712744,0.019808125687349888,0,0.012,0,0
0.028543086217113562,0.018604416523103413,0,0.011,0,0
0.025811032436892742,0.017285037856323106,0,0.01,0,0
0.02311360698579519,0.01586057015488528,0,0.009,0,0
0.0204497743249013,0.014341502641008483,0,0.008,0,0
0.017817699057998706,0.0127382048207162,0,0.007,0,0
0.015214842927005092,0.011060911165869389,0,0.006,0,0
0.012638031633779901,0.00931971408476732,0,0.005,0,0
0.010083546691551527,0.00752457115288835,0,0.004,0,0
0.0075472078643303514,0.005685320160405643,0,0.003,0,0
0.005024450707317773,0.003811700232938964,0,0.002,0,0
0.002510410127152781,0.001913381862000476,0,0.001,0,0
-2.7370045225684274e-23,-1.7675652793020945e-23,0,0,0,0
