"f_42-3:0","f_42-3:1","f_42-3:2",":0",":1",":2"
0.10013,-1.1084e-05,0,1,0,0
-0.050071,0.086706,0,-0.5,0.86603,0
-0.050068,-0.086708,0,-0.5,-0.86603,0
0.09582,-4.9525e-06,0,2,0,0
-0.04793,0.082972,0,-1,1.7321,0
-0.047914,-0.082981,0,-1,-1.7321,0
0.099628,0.0099708,0,0.99503,0.099568,0
0.098141,0.019836,0,0.98017,0.19815,0
0.09568,0.029502,0,0.95557,0.29476,0
0.092263,0.038894,0,0.92148,0.38843,0
0.087929,0.047891,0,0.87822,0.47825,0
0.082727,0.056403,0,0.82624,0.56332,0
0.076695,0.064366,0,0.76604,0.64279,0
0.069915,0.071673,0,0.69824,0.71587,0
0.062437,0.078274,0,0.62349,0.78183,0
0.054316,0.084113,0,0.54255,0.84003,0
0.045679,0.089098,0,0.45621,0.88987,0
0.036582,0.093204,0,0.36534,0.93087,0
0.027107,0.096386,0,0.27084,0.96262,0
0.01739,0.098604,0,0.17365,0.98481,0
0.0074923,0.099845,0,0.07473,0.9972,0
-0.0024981,0.10009,0,-0.024931,0.99969,0
-0.012461,0.099347,0,-0.12434,0.99224,0
-0.022271,0.097617,0,-0.22252,0.97493,0
-0.031879,0.094915,0,-0.31849,0.94793,0
-0.041187,0.091262,0,-0.41129,0.91151,0
-0.05845,0.081294,0,-0.58374,0.81194,0
-0.066248,0.075076,0,-0.66169,0.74978,0
-0.073393,0.068107,0,-0.73305,0.68017,0
-0.079816,0.060453,0,-0.79713,0.6038,0
-0.08544,0.052202,0,-0.85329,0.52144,0
-0.090208,0.043447,0,-0.90097,0.43388,0
-0.094084,0.034253,0,-0.93969,0.34202,0
-0.097029,0.024707,0,-0.96908,0.24676,0
-0.099006,0.014928,0,-0.98883,0.14904,0
-0.1,0.0049832,0,-0.99876,0.049846,0
-0.1,-0.0049894,0,-0.99876,-0.049846,0
-0.099008,-0.014921,0,-0.98883,-0.14904,0
-0.097027,-0.024717,0,-0.96908,-0.24676,0
-0.094087,-0.034245,0,-0.93969,-0.34202,0
-0.090214,-0.043435,0,-0.90097,-0.43388,0
-0.085432,-0.052215,0,-0.85329,-0.52144,0
-0.079811,-0.06046,0,-0.79713,-0.6038,0
-0.073394,-0.068106,0,-0.73305,-0.68017,0
-0.066248,-0.075075,0,-0.66169,-0.74978,0
-0.058433,-0.081306,0,-0.58374,-0.81194,0
-0.041183,-0.091264,0,-0.41129,-0.91151,0
-0.031893,-0.09491,0,-0.31849,-0.94793,0
-0.022288,-0.097613,0,-0.22252,-0.97493,0
-0.012445,-0.099349,0,-0.12434,-0.99224,0
-0.0024928,-0.10009,0,-0.024931,-0.99969,0
0.007484,-0.099845,0,0.07473,-0.9972,0
0.017384,-0.098605,0,0.17365,-0.98481,0
0.027116,-0.096384,0,0.27084,-0.96262,0
0.036574,-0.093206,0,0.36534,-0.93087,0
0.045686,-0.089095,0,0.45621,-0.88987,0
0.054325,-0.084106,0,0.54255,-0.84003,0
0.062422,-0.078285,0,0.62349,-0.78183,0
0.069907,-0.071681,0,0.69824,-0.71587,0
0.076708,-0.064351,0,0.76604,-0.64279,0
0.082728,-0.056402,0,0.82624,-0.56332,0
0.087934,-0.047882,0,0.87822,-0.47825,0
0.092263,-0.038892,0,0.92148,-0.38843,0
0.095678,-0.02951,0,0.95557,-0.29476,0
0.098142,-0.01983,0,0.98017,-0.19815,0
0.099627,-0.0099728,0,0.99503,-0.099568,0
0.095701,0.0047864,0,1.9975,0.099692,0
0.095345,0.0095348,0,1.9901,0.19914,0
0.094751,0.014274,0,1.9777,0.29808,0
0.093918,0.018999,0,1.9603,0.39629,0
0.092859,0.023639,0,1.9382,0.49351,0
0.091563,0.028243,0,1.9111,0.58951,0
0.090039,0.03278,0,1.8794,0.68404,0
0.088295,0.037223,0,1.843,0.77687,0
0.086335,0.041568,0,1.8019,0.86777,0
0.084151,0.045827,0,1.7564,0.95651,0
0.081759,0.04997,0,1.7066,1.0429,0
0.07917,0.053979,0,1.6525,1.1266,0
0.076381,0.057857,0,1.5943,1.2076,0
0.073404,0.06159,0,1.5321,1.2856,0
0.07024,0.065176,0,1.4661,1.3603,0
0.066905,0.068595,0,1.3965,1.4317,0
0.063406,0.071842,0,1.3234,1.4996,0
0.059746,0.074913,0,1.247,1.5637,0
0.055937,0.077798,0,1.1675,1.6239,0
0.051979,0.080497,0,1.0851,1.6801,0
0.047912,0.082982,0,1,1.7321,0
0.043717,0.085266,0,0.91242,1.7797,0
0.039412,0.08734,0,0.82257,1.823,0
0.035009,0.089196,0,0.73068,1.8617,0
0.030514,0.090832,0,0.63697,1.8959,0
0.025951,0.092239,0,0.54168,1.9252,0
0.021324,0.093417,0,0.44504,1.9499,0
0.016638,0.094365,0,0.3473,1.9696,0
0.011912,0.095077,0,0.24869,1.9845,0
0.0071674,0.095552,0,0.14946,1.9944,0
0.0023861,0.095791,0,0.049861,1.9994,0
-0.0023935,0.09579,0,-0.049861,1.9994,0
-0.0071534,0.095553,0,-0.14946,1.9944,0
-0.011909,0.095077,0,-0.24869,1.9845,0
-0.016641,0.094364,0,-0.3473,1.9696,0
-0.021326,0.093417,0,-0.44504,1.9499,0
-0.025945,0.092241,0,-0.54168,1.9252,0
-0.030526,0.090828,0,-0.63697,1.8959,0
-0.035006,0.089197,0,-0.73068,1.8617,0
-0.039399,0.087346,0,-0.82257,1.823,0
-0.043701,0.085275,0,-0.91242,1.7797,0
-0.05199,0.08049,0,-1.0851,1.6801,0
-0.05593,0.077803,0,-1.1675,1.6239,0
-0.059749,0.074911,0,-1.247,1.5637,0
-0.063404,0.071844,0,-1.3234,1.4996,0
-0.066897,0.068602,0,-1.3965,1.4317,0
-0.07023,0.065186,0,-1.4661,1.3603,0
-0.073416,0.061576,0,-1.5321,1.2856,0
-0.076387,0.05785,0,-1.5943,1.2076,0
-0.079167,0.053983,0,-1.6525,1.1266,0
-0.081753,0.04998,0,-1.7066,1.0429,0
-0.084156,0.045818,0,-1.7564,0.95651,0
-0.086334,0.041568,0,-1.8019,0.86777,0
-0.088295,0.037222,0,-1.843,0.77687,0
-0.090041,0.032774,0,-1.8794,0.68404,0
-0.091565,0.028238,0,-1.9111,0.58951,0
-0.092856,0.02365,0,-1.9382,0.49351,0
-0.09392,0.018991,0,-1.9603,0.39629,0
-0.09475,0.014282,0,-1.9777,0.29808,0
-0.095345,0.0095316,0,-1.9901,0.19914,0
-0.095701,0.0047847,0,-1.9975,0.099692,0
-0.09582,4.7212e-06,0,-2,-5.8974e-09,0
-0.095701,-0.0047769,0,-1.9975,-0.099692,0
-0.095344,-0.0095399,0,-1.9901,-0.19914,0
-0.09475,-0.01428,0,-1.9777,-0.29808,0
-0.09392,-0.018987,0,-1.9603,-0.39629,0
-0.092856,-0.023652,0,-1.9382,-0.49351,0
-0.091562,-0.028248,0,-1.9111,-0.58951,0
-0.090045,-0.032762,0,-1.8794,-0.68404,0
-0.088295,-0.037223,0,-1.843,-0.77687,0
-0.086333,-0.041572,0,-1.8019,-0.86777,0
-0.084149,-0.045832,0,-1.7564,-0.95651,0
-0.08176,-0.049969,0,-1.7066,-1.0429,0
-0.079172,-0.053975,0,-1.6525,-1.1266,0
-0.076384,-0.057854,0,-1.5943,-1.2076,0
-0.073402,-0.061592,0,-1.5321,-1.2856,0
-0.070242,-0.065174,0,-1.4661,-1.3603,0
-0.06691,-0.06859,0,-1.3965,-1.4317,0
-0.063403,-0.071844,0,-1.3234,-1.4996,0
-0.059737,-0.07492,0,-1.247,-1.5637,0
-0.055938,-0.077798,0,-1.1675,-1.6239,0
-0.051989,-0.08049,0,-1.0851,-1.6801,0
-0.043723,-0.085263,0,-0.91242,-1.7797,0
-0.039398,-0.087346,0,-0.82257,-1.823,0
-0.035001,-0.089199,0,-0.73068,-1.8617,0
-0.03053,-0.090827,0,-0.63697,-1.8959,0
-0.025946,-0.092241,0,-0.54168,-1.9252,0
-0.021316,-0.093419,0,-0.44504,-1.9499,0
-0.016649,-0.094363,0,-0.3473,-1.9696,0
-0.011908,-0.095078,0,-0.24869,-1.9845,0
-0.0071673,-0.095552,0,-0.14946,-1.9944,0
-0.0023896,-0.095791,0,-0.049861,-1.9994,0
0.0023933,-0.09579,0,0.049861,-1.9994,0
0.0071624,-0.095552,0,0.14946,-1.9944,0
0.011915,-0.095077,0,0.24869,-1.9845,0
0.016637,-0.094365,0,0.3473,-1.9696,0
0.021327,-0.093417,0,0.44504,-1.9499,0
0.025949,-0.09224,0,0.54168,-1.9252,0
0.030516,-0.090831,0,0.63697,-1.8959,0
0.035008,-0.089196,0,0.73068,-1.8617,0
0.039412,-0.08734,0,0.82257,-1.823,0
0.043713,-0.085268,0,0.91242,-1.7797,0
0.047909,-0.082984,0,1,-1.7321,0
0.051991,-0.080489,0,1.0851,-1.6801,0
0.055932,-0.077802,0,1.1675,-1.6239,0
0.059742,-0.074916,0,1.247,-1.5637,0
0.063403,-0.071844,0,1.3234,-1.4996,0
0.066908,-0.068592,0,1.3965,-1.4317,0
0.070248,-0.065167,0,1.4661,-1.3603,0
0.073398,-0.061597,0,1.5321,-1.2856,0
0.076382,-0.057857,0,1.5943,-1.2076,0
0.079172,-0.053975,0,1.6525,-1.1266,0
0.081764,-0.049962,0,1.7066,-1.0429,0
0.08415,-0.04583,0,1.7564,-0.95651,0
0.086329,-0.041579,0,1.8019,-0.86777,0
0.088301,-0.037208,0,1.843,-0.77687,0
0.090041,-0.032773,0,1.8794,-0.68404,0
0.09156,-0.028253,0,1.9111,-0.58951,0
0.092856,-0.023651,0,1.9382,-0.49351,0
0.093919,-0.018993,0,1.9603,-0.39629,0
0.094753,-0.014265,0,1.9777,-0.29808,0
0.095345,-0.0095331,0,1.9901,-0.19914,0
0.095701,-0.0047865,0,1.9975,-0.099692,0
-0.070219,-0.070775,0,-0.77163,-0.78641,0
0.080425,-0.059874,0,0.87309,-0.64903,0
0.095631,-0.025845,0,1.0674,-0.28085,0
0.040552,0.091731,0,0.44263,0.99122,0
-0.092048,-0.039424,0,-0.99848,-0.42408,0
0.012238,0.099054,0,0.13637,1.0737,0
-0.037074,0.093883,0,-0.39643,1.0101,0
0.058625,-0.080955,0,0.63483,-0.87822,0
-0.099951,-0.010947,0,-1.0797,-0.11228,0
-0.044755,-0.089584,0,-0.48848,-0.96973,0
0.099492,0.0055074,0,1.0825,0.058899,0
0.031968,-0.094545,0,0.34449,-1.0235,0
-0.098653,0.020472,0,-1.0539,0.21405,0
0.06669,0.075224,0,0.71601,0.80533,0
-0.082499,0.056387,0,-0.89691,0.60814,0
0.094058,0.033717,0,1.0268,0.37335,0
-0.0072579,-0.099737,0,-0.078206,-1.0808,0
-0.062593,0.077788,0,-0.67707,0.84679,0
-0.014664,0.095603,0,-0.28512,1.8916,0
0.078681,0.056834,0,1.5498,1.1175,0
-0.081233,-0.053077,0,-1.6058,-1.0427,0
0.088595,-0.039272,0,1.7425,-0.7711,0
0.014623,-0.095919,0,0.28957,-1.8892,0
-0.028632,-0.092449,0,-0.56432,-1.8244,0
-0.089969,0.035101,0,-1.7808,0.6989,0
0.095751,-0.011598,0,1.8991,-0.22414,0
-0.058083,-0.07687,0,-1.1665,-1.5416,0
0.02835,0.092452,0,0.5638,1.8348,0
-0.093143,-0.026528,0,-1.8502,-0.53089,0
0.069311,-0.067334,0,1.3855,-1.3446,0
-0.046173,0.085041,0,-0.9086,1.6677,0
0.050215,0.082418,0,1.0021,1.644,0
0.046207,-0.085084,0,0.91491,-1.6801,0
-0.096546,0.0025602,0,-1.9304,0.053394,0
0.095397,0.01682,0,1.883,0.33426,0
-0.072693,0.063919,0,-1.4237,1.2566,0
0.0048469,0.096758,0,0.09523,1.9153,0
0.087878,0.039509,0,1.7626,0.79416,0
0.066074,0.071048,0,1.3029,1.4038,0
-0.0049132,-0.096898,0,-0.096548,-1.9069,0
-0.028699,0.092172,0,-0.56836,1.8282,0
-0.057839,0.076617,0,-1.1551,1.5249,0
0.033081,-0.091021,0,0.65417,-1.8025,0
-0.09523,0.016437,0,-1.884,0.33219,0
0.096421,0.0023889,0,1.9095,0.049119,0
0.078326,-0.056733,0,1.5493,-1.1174,0
-0.069606,-0.067698,0,-1.3702,-1.3323,0
-0.046266,-0.0849,0,-0.91476,-1.6759,0
-0.080599,0.052613,0,-1.6063,1.0536,0
0.058243,-0.077116,0,1.1579,-1.5339,0
-0.096121,-0.012091,0,-1.9028,-0.23937,0
-0.088592,-0.039469,0,-1.7378,-0.78555,0
0.093213,-0.026696,0,1.8392,-0.52452,0
0.07957,0.06047,0,0.85301,0.65579,0
-0.091877,0.039387,0,-0.99342,0.42929,0
-0.027197,-0.096342,0,-0.29617,-1.0424,0
0.012705,-0.099306,0,0.13492,-1.0767,0
-0.008153,0.10013,0,-0.092263,1.0836,0
0.089678,-0.043142,0,0.97864,-0.46803,0
-0.082164,-0.056523,0,-0.89355,-0.61664,0
-0.0048566,0.096418,0,-0.095356,1.9106,0
0.084097,0.048395,0,1.6561,0.96015,0
0.072662,0.064259,0,1.4323,1.2655,0
-0.014435,-0.095637,0,-0.28512,-1.8916,0
0.0051927,-0.097043,0,0.10233,-1.9098,0
0.058317,0.077333,0,1.1559,1.5187,0
0.014328,0.095854,0,0.28752,1.8967,0
0.091621,0.030595,0,1.8049,0.61561,0
0.037767,0.08919,0,0.74857,1.7652,0
0.083834,-0.048474,0,1.6567,-0.95651,0
-0.092894,0.026251,0,-1.8411,0.51731,0
-0.037115,-0.088983,0,-0.73084,-1.7772,0
-0.086089,0.044068,0,-1.7107,0.87233,0
0.02388,-0.09377,0,0.47406,-1.8549,0
-0.075846,-0.060542,0,-1.4937,-1.19,0
-0.064962,0.070889,0,-1.2999,1.4202,0
-0.036775,0.089096,0,-0.73324,1.7818,0
-0.054789,0.083495,0,-0.59846,0.90316,0
-0.059912,0.080158,0,-0.69335,0.94066,0
-0.065889,0.075156,0,-0.77029,0.8819,0
-0.062473,0.078317,0,-0.78469,0.98184,0
-0.055506,0.083448,0,-0.69227,1.0398,0
-0.068419,0.072909,0,-0.86239,0.92047,0
-0.065169,0.075828,0,-0.87714,1.0194,0
-0.070479,0.070794,0,-0.95503,0.95744,0
-0.06745,0.073571,0,-0.96986,1.0561,0
-0.072304,0.068709,0,-1.0478,0.994,0
-0.062162,0.07808,0,-0.8919,1.1183,0
-0.064535,0.075808,0,-0.98469,1.1548,0
-0.059434,0.079864,0,-0.90676,1.2169,0
-0.075318,0.065406,0,-1.0329,0.89542,0
-0.076611,0.063742,0,-1.1257,0.93187,0
-0.079584,0.060376,0,-1.1131,0.83606,0
-0.080635,0.058709,0,-1.2041,0.87017,0
-0.083627,0.054631,0,-1.1915,0.77443,0
-0.084437,0.05316,0,-1.2821,0.80818,0
-0.087242,0.048614,0,-1.2673,0.70961,0
-0.087283,0.047825,0,-1.3598,0.74559,0
-0.08987,0.043233,0,-1.3448,0.64693,0
-0.073715,0.06679,0,-1.1406,1.0305,0
-0.081489,0.05712,0,-1.2966,0.90623,0
-0.089758,0.042663,0,-1.4376,0.68327,0
-0.092132,0.037783,0,-1.4227,0.58465,0
-0.09232,0.037945,0,-1.3299,0.54822,0
-0.094275,0.032291,0,-1.4078,0.48602,0
-0.09449,0.031893,0,-1.315,0.4496,0
-0.096056,0.026405,0,-1.393,0.38743,0
-0.095706,0.027095,0,-1.4858,0.42385,0
-0.097144,0.021352,0,-1.4709,0.32526,0
-0.097481,0.020238,0,-1.3781,0.28884,0
-0.09827,0.015316,0,-1.456,0.22667,0
-0.098626,0.013866,0,-1.3632,0.19024,0
-0.099127,0.0089345,0,-1.4412,0.12807,0
-0.098763,0.010678,0,-1.534,0.1645,0
-0.099277,0.0044356,0,-1.5191,0.065902,0
-0.099502,0.0021116,0,-1.4263,0.029479,0
-0.099309,-0.0020209,0,-1.5043,-0.032692,0
-0.099304,-0.0047765,0,-1.4142,-0.069533,0
-0.098958,-0.0084919,0,-1.4899,-0.13135,0
-0.098733,-0.011455,0,-1.4001,-0.16864,0
-0.098331,-0.014921,0,-1.4752,-0.23004,0
-0.09792,-0.018177,0,-1.3826,-0.26691,0
-0.097329,-0.021488,0,-1.4599,-0.3286,0
-0.096544,-0.025411,0,-1.3691,-0.36533,0
-0.095749,-0.02817,0,-1.4452,-0.42716,0
-0.094328,-0.032309,0,-1.3545,-0.46389,0
-0.093629,-0.03442,0,-1.4304,-0.52574,0
-0.092013,-0.038587,0,-1.3376,-0.56216,0
-0.091249,-0.040142,0,-1.4152,-0.62428,0
-0.089421,-0.044491,0,-1.3224,-0.66069,0
-0.088594,-0.0456,0,-1.4002,-0.72285,0
-0.086343,-0.050113,0,-1.3074,-0.75927,0
-0.097718,-0.018124,0,-1.5526,-0.2921,0
-0.098943,-0.0057847,0,-1.5823,-0.094875,0
-0.08675,-0.049221,0,-1.2295,-0.6971,0
-0.083504,-0.054837,0,-1.2146,-0.79569,0
-0.082948,-0.05515,0,-1.2925,-0.85786,0
-0.079783,-0.059898,0,-1.1997,-0.89428,0
-0.07984,-0.059803,0,-1.1244,-0.83632,0
-0.075802,-0.064771,0,-1.1075,-0.93201,0
-0.075935,-0.064189,0,-1.1849,-0.99309,0
-0.072037,-0.06853,0,-1.0921,-1.0295,0
-0.071958,-0.069168,0,-1.0141,-0.96712,0
-0.067978,-0.072871,0,-0.99921,-1.0658,0
-0.068295,-0.072001,0,-1.0772,-1.1279,0
-0.063988,-0.076115,0,-0.98433,-1.1643,0
-0.063094,-0.077223,0,-0.90638,-1.1021,0
-0.059127,-0.080058,0,-0.8915,-1.2007,0
-0.057771,-0.081293,0,-0.81355,-1.1386,0
-0.053851,-0.083756,0,-0.79868,-1.2371,0
-0.055329,-0.082353,0,-0.87663,-1.2993,0
-0.050131,-0.085742,0,-0.78381,-1.3357,0
-0.048224,-0.087212,0,-0.70586,-1.2736,0
-0.044644,-0.08878,0,-0.69099,-1.3722,0
-0.042188,-0.090317,0,-0.61304,-1.31,0
-0.0389,-0.091425,0,-0.59817,-1.4086,0
-0.035937,-0.093015,0,-0.51723,-1.3459,0
-0.032953,-0.09378,0,-0.50485,-1.4449,0
-0.029576,-0.095236,0,-0.42295,-1.3833,0
-0.026859,-0.09577,0,-0.41171,-1.4815,0
-0.022959,-0.096856,0,-0.33458,-1.4192,0
-0.020895,-0.097144,0,-0.31957,-1.5178,0
-0.017027,-0.09835,0,-0.24301,-1.4589,0
-0.014774,-0.098269,0,-0.22708,-1.5548,0
-0.010447,-0.099021,0,-0.15046,-1.4959,0
-0.0085775,-0.098983,0,-0.13435,-1.5914,0
-0.0039354,-0.099596,0,-0.056422,-1.5293,0
-0.0053845,-0.099588,0,-0.076279,-1.4203,0
0.0010255,-0.099532,0,0.020895,-1.4648,0
0.0020986,-0.099454,0,0.036552,-1.5648,0
0.0075335,-0.099373,0,0.11447,-1.5025,0
-0.092722,-0.036117,0,-1.508,-0.58785,0
0.0072364,-0.099472,0,0.10042,-1.4057,0
0.013382,-0.09864,0,0.19247,-1.4413,0
0.013436,-0.098579,0,0.20741,-1.5392,0
0.019065,-0.097698,0,0.28538,-1.4771,0
0.019394,-0.097586,0,0.27054,-1.3784,0
0.024969,-0.096379,0,0.36335,-1.4148,0
0.024271,-0.096389,0,0.37823,-1.5134,0
0.030026,-0.094833,0,0.45618,-1.4512,0
0.03112,-0.094677,0,0.4413,-1.3526,0
0.035893,-0.092853,0,0.53413,-1.389,0
0.037334,-0.092457,0,0.51925,-1.2904,0
0.041832,-0.090452,0,0.61207,-1.3268,0
0.040187,-0.090964,0,0.62695,-1.4254,0
0.045783,-0.088378,0,0.70489,-1.3633,0
0.04782,-0.087541,0,0.69001,-1.2647,0
0.051404,-0.085254,0,0.78284,-1.3011,0
0.053869,-0.083921,0,0.76766,-1.2032,0
0.056861,-0.081623,0,0.86073,-1.239,0
0.059353,-0.079964,0,0.8463,-1.141,0
0.061976,-0.077795,0,0.93878,-1.1769,0
0.064765,-0.075835,0,0.92483,-1.0784,0
0.067075,-0.07356,0,1.0168,-1.1146,0
0.070118,-0.071051,0,1.002,-1.016,0
0.071874,-0.068903,0,1.0946,-1.0524,0
0.074913,-0.065848,0,1.0798,-0.95377,0
0.076093,-0.064139,0,1.1726,-0.99018,0
0.078961,-0.060806,0,1.1577,-0.89158,0
0.079794,-0.059284,0,1.2505,-0.928,0
0.082595,-0.055679,0,1.2356,-0.8294,0
0.083077,-0.054332,0,1.3284,-0.86581,0
0.085881,-0.050385,0,1.3136,-0.76722,0
0.085332,-0.051517,0,1.2224,-0.73291,0
0.088618,-0.04604,0,1.299,-0.66898,0
0.088646,-0.045154,0,1.3916,-0.7051,0
0.091306,-0.040403,0,1.3767,-0.60652,0
0.091163,-0.040852,0,1.2878,-0.57048,0
0.093734,-0.034748,0,1.3623,-0.50785,0
0.093322,-0.034887,0,1.4547,-0.54428,0
0.095262,-0.02946,0,1.4398,-0.44568,0
0.09569,-0.029165,0,1.3435,-0.40988,0
0.097019,-0.023744,0,1.4243,-0.34719,0
0.096459,-0.024373,0,1.5176,-0.38351,0
0.097983,-0.018491,0,1.5027,-0.28492,0
0.098485,-0.017248,0,1.4098,-0.24851,0
0.099089,-0.012194,0,1.4879,-0.18631,0
0.099469,-0.010471,0,1.395,-0.1499,0
0.099759,-0.0057048,0,1.473,-0.087718,0
0.099276,-0.0076236,0,1.5658,-0.12413,0
0.099685,-0.0014513,0,1.5509,-0.025534,0
0.099938,0.00092179,0,1.4581,0.010874,0
0.09956,0.0047325,0,1.5361,0.073058,0
0.099575,0.0076494,0,1.442,0.10927,0
0.098814,0.01122,0,1.521,0.17162,0
0.098664,0.014733,0,1.4268,0.20782,0
0.097817,0.01778,0,1.506,0.2702,0
0.097357,0.021191,0,1.412,0.30642,0
0.096524,0.023879,0,1.4911,0.36879,0
0.095755,0.027611,0,1.3971,0.40502,0
0.094822,0.029821,0,1.4762,0.46738,0
0.093722,0.033901,0,1.3834,0.50379,0
0.092691,0.03572,0,1.4617,0.56601,0
0.09123,0.040008,0,1.3688,0.60242,0
0.09024,0.041341,0,1.4468,0.66461,0
0.088387,0.045623,0,1.3539,0.70101,0
0.089204,0.044696,0,1.276,0.63883,0
0.08601,0.05012,0,1.2611,0.73742,0
0.085325,0.050711,0,1.3391,0.79961,0
0.082708,0.05521,0,1.2462,0.83601,0
0.054412,-0.082968,0,0.87565,-1.3375,0
0.06421,-0.0756,0,1.0315,-1.2131,0
0.098008,0.018349,0,1.3355,0.24446,0
0.082143,0.055479,0,1.3242,0.8982,0
0.079205,0.059923,0,1.2314,0.9346,0
0.079537,0.059912,0,1.1534,0.87242,0
0.075736,0.064523,0,1.1385,0.97101,0
0.075686,0.064787,0,1.0606,0.90882,0
0.07165,0.069146,0,1.0457,1.0074,0
0.071902,0.068547,0,1.1236,1.0696,0
0.067696,0.07289,0,1.0308,1.106,0
0.06703,0.073698,0,0.95288,1.0438,0
0.06304,0.077069,0,0.93799,1.1424,0
0.061986,0.078067,0,0.86006,1.0802,0
0.057916,0.081056,0,0.84517,1.1788,0
0.059224,0.079908,0,0.92311,1.241,0
0.054184,0.083459,0,0.83028,1.2774,0
0.052404,0.084708,0,0.75235,1.2152,0
0.048734,0.086686,0,0.73746,1.3138,0
0.046463,0.087977,0,0.6614,1.2522,0
0.043039,0.089631,0,0.64495,1.3503,0
0.040504,0.090968,0,0.56739,1.289,0
0.03711,0.092368,0,0.55198,1.3868,0
0.034013,0.093736,0,0.47313,1.3257,0
0.030871,0.094797,0,0.45889,1.4233,0
0.026994,0.096063,0,0.3816,1.3628,0
0.024291,0.09666,0,0.36624,1.4598,0
0.019967,0.097448,0,0.28902,1.3994,0
0.017861,0.097919,0,0.27348,1.4962,0
0.013378,0.098659,0,0.19556,1.4341,0
0.011538,0.098847,0,0.18056,1.5324,0
0.0065714,0.099427,0,0.10261,1.4701,0
0.0051647,0.099281,0,0.087703,1.5687,0
1.6122e-05,0.099471,0,0.0097581,1.5065,0
0.045312,0.088262,0,0.72262,1.4124,0
0.033984,0.093417,0,0.53693,1.4852,0
0.021944,0.096955,0,0.35128,1.558,0
0.00091426,0.099674,0,0.024644,1.4079,0
-0.0052889,0.099368,0,-0.068186,1.4443,0
-0.0058108,0.099111,0,-0.083074,1.5428,0
-0.011166,0.09875,0,-0.16101,1.4807,0
-0.011295,0.098375,0,-0.1759,1.5792,0
-0.016699,0.097783,0,-0.25384,1.5171,0
-0.016882,0.098121,0,-0.23895,1.4185,0
-0.022336,0.096826,0,-0.33178,1.4549,0
-0.022953,0.097062,0,-0.31689,1.3563,0
-0.02821,0.095423,0,-0.40972,1.3927,0
-0.027264,0.095288,0,-0.4246,1.4913,0
-0.032949,0.093619,0,-0.50254,1.4291,0
-0.034342,0.093516,0,-0.48765,1.3305,0
-0.038631,0.09148,0,-0.58048,1.3669,0
-0.037115,0.091682,0,-0.59537,1.4655,0
0.07701,-0.062458,0,1.2654,-1.0266,0
-0.018117,-0.098136,0,-0.23947,-1.3542,0
0.098881,0.0080521,0,1.614,0.13524,0
-0.042582,0.089492,0,-0.67331,1.4033,0
0.09559,0.026285,0,1.5676,0.43304,0
-0.096675,0.022322,0,-1.5637,0.36168,0
0.086631,0.049461,0,1.1832,0.67524,0
0.067823,-0.073277,0,0.91146,-0.9807,0
-0.097397,-0.021827,0,-1.2958,-0.30088,0
0.09732,-0.019484,0,1.5956,-0.32132,0
-0.06183,0.07759,0,-0.99956,1.2534,0
-0.056823,0.081311,0,-0.92164,1.3155,0
-0.064583,-0.075075,0,-1.0623,-1.2265,0
0.068141,0.072039,0,1.1088,1.1682,0
0.050127,-0.086387,0,0.67487,-1.1668,0
0.029005,-0.094875,0,0.47105,-1.5498,0
0.050252,0.086111,0,0.6781,1.1562,0
0.055646,0.082175,0,0.90822,1.3396,0
-0.086341,0.049817,0,-1.1589,0.67634,0
-0.016503,0.097393,0,-0.26873,1.6156,0
-0.098892,0.0064127,0,-1.6119,0.10232,0
-0.095197,0.027617,0,-1.5786,0.46028,0
-0.035776,-0.092234,0,-0.58322,-1.5071,0
-0.024385,-0.09602,0,-0.3975,-1.58,0
0.030266,0.095042,0,0.3988,1.2699,0
0.078729,0.05987,0,1.3093,0.99679,0
0.09466,0.032064,0,1.302,0.44694,0
0.099135,-0.0034723,0,1.6438,-0.061942,0
-0.099671,-0.00050593,0,-1.3383,-0.0054703,0
0.043897,-0.089007,0,0.71977,-1.4618,0
-0.051699,-0.084256,0,-0.86176,-1.3979,0
-0.039299,-0.091951,0,-0.5316,-1.2472,0
0.0098783,0.09878,0,0.16564,1.6308,0
-0.08731,0.046999,0,-1.4524,0.78185,0
0.02359,-0.096238,0,0.39311,-1.612,0
0.10001,0.0035425,0,1.3611,0.044942,0
0.077982,-0.062045,0,1.0648,-0.85058,0
0.004087,0.098852,0,0.072804,1.6672,0
-0.04093,0.08977,0,-0.6882,1.5019,0
-0.017022,0.098479,0,-0.22406,1.3199,0
0.091581,0.037252,0,1.5396,0.6282,0
-0.061888,-0.078312,0,-0.82842,-1.04,0
-0.092563,-0.036333,0,-1.2489,-0.48876,0
-0.068569,-0.071079,0,-1.1551,-1.1901,0
0.098823,-0.015767,0,1.3171,-0.21209,0
-0.035727,0.091709,0,-0.61026,1.5641,0
-0.056263,-0.082632,0,-0.73561,-1.0764,0
0.015232,0.09854,0,0.20439,1.3284,0
0.089179,0.042391,0,1.5247,0.72679,0
0.095746,-0.02498,0,1.6105,-0.41991,0
-0.044298,0.089153,0,-0.65837,1.3047,0
-0.023626,0.09733,0,-0.302,1.2577,0
-0.011325,0.09792,0,-0.19079,1.6778,0
-0.089548,0.042071,0,-1.5304,0.71966,0
-0.012817,-0.098109,0,-0.21205,-1.6529,0
0.096567,-0.020225,0,1.6884,-0.35772,0
0.032374,-0.094396,0,0.42643,-1.254,0
-0.064929,-0.074023,0,-1.1402,-1.2887,0
-0.0071305,-0.098696,0,-0.11925,-1.6894,0
0.081363,0.055629,0,1.4021,0.96039,0
-0.09582,0.02306,0,-1.6565,0.39811,0
0.066226,0.074408,0,0.87494,0.98164,0
-0.097757,0.019056,0,-1.2853,0.25241,0
0.028014,-0.094723,0,0.48593,-1.6484,0
-0.059204,0.079021,0,-1.0144,1.352,0
-0.054407,0.08238,0,-0.93652,1.4141,0
-0.063881,0.07538,0,-1.0924,1.2898,0
-0.078766,0.061538,0,-1.0159,0.78746,0
0.090038,0.043676,0,1.1988,0.57859,0
0.087144,0.048677,0,1.1054,0.61338,0
-0.092359,0.037927,0,-1.2371,0.51177,0
0.079693,0.059795,0,1.0755,0.81023,0
-0.094561,0.031449,0,-1.2222,0.41317,0
0.075328,0.064936,0,0.98265,0.84664,0
-0.099173,0.012426,0,-1.2704,0.15382,0
0.038942,-0.092014,0,0.50437,-1.1918,0
0.060826,0.079273,0,0.7834,1.0182,0
0.099769,-0.0085087,0,1.3025,-0.11388,0
-0.0046955,0.099616,0,-0.053298,1.3457,0
0.0015619,0.099725,0,0.03576,1.314,0
-0.071481,0.069579,0,-0.84675,0.81873,0
0.072018,0.067862,0,1.2016,1.1318,0
0.098599,-0.0093004,0,1.6587,-0.16054,0
0.098264,-0.0052786,0,1.7366,-0.098351,0
0.0987,0.00026899,0,1.7217,0.0002442,0
-0.056572,-0.080917,0,-0.95458,-1.3615,0
-0.05303,-0.082733,0,-0.93971,-1.4601,0
-0.048267,-0.08571,0,-0.84689,-1.4965,0
0.060129,0.078734,0,1.0011,1.3032,0
0.056674,0.080815,0,0.98617,1.4018,0
0.052267,0.083854,0,0.89334,1.4382,0
0.03872,-0.091246,0,0.64182,-1.524,0
0.042237,-0.089422,0,0.73465,-1.5604,0
0.046948,-0.086806,0,0.8126,-1.4983,0
-0.098245,0.012177,0,-1.6268,0.20092,0
-0.09832,0.008105,0,-1.7048,0.13875,0
-0.098709,0.0025468,0,-1.6899,0.04015,0
0.060741,0.077425,0,1.0789,1.3652,0
-0.056645,0.082218,0,-0.81399,1.1804,0
0.068416,0.071054,0,1.1867,1.2304,0
-0.06079,-0.079717,0,-0.75048,-0.97779,0
-0.066804,-0.074952,0,-0.84329,-0.94137,0
0.0087204,0.098523,0,0.15118,1.7289,0
0.01389,0.097868,0,0.24365,1.6929,0
0.099473,-0.014194,0,1.2244,-0.17574,0
0.098055,-0.021753,0,1.2392,-0.27426,0
0.078559,0.059896,0,1.3867,1.0575,0
-0.097587,0.013433,0,-1.7192,0.23682,0
-0.01641,0.09682,0,-0.28428,1.7126,0
-0.021225,0.096175,0,-0.36167,1.6518,0
-0.020701,0.09541,0,-0.37723,1.7486,0
-0.025493,0.094589,0,-0.45454,1.6881,0
-0.017219,0.098812,0,-0.20918,1.2213,0
-0.094488,0.028065,0,-1.6695,0.49699,0
-0.024614,0.097728,0,-0.29154,1.1571,0
-0.030514,0.095737,0,-0.37993,1.1955,0
-0.097338,0.0095723,0,-1.7961,0.17668,0
0.10007,-0.0058502,0,1.2094,-0.07709,0
0.037248,-0.091297,0,0.65543,-1.6208,0
0.040322,-0.089215,0,0.74226,-1.6618,0
0.090606,0.042014,0,1.1201,0.51575,0
-0.08696,0.046164,0,-1.5422,0.81871,0
-0.084657,0.050881,0,-1.4668,0.88049,0
-0.093373,0.032693,0,-1.5931,0.55892,0
0.072242,0.067467,0,1.2776,1.1936,0
-0.048218,0.08692,0,-0.75117,1.3411,0
-0.039479,0.089864,0,-0.70129,1.5982,0
-0.044323,0.08774,0,-0.78063,1.5379,0
-0.034405,0.091538,0,-0.62318,1.6603,0
0.022927,-0.096219,0,0.40609,-1.7082,0
0.018455,-0.097086,0,0.31484,-1.6738,0
-0.0035494,0.099629,0,-0.039928,1.2492,0
-0.054665,-0.084121,0,-0.65673,-1.0073,0
-0.050116,-0.086612,0,-0.642,-1.11,0
0.07989,0.059618,0,1.001,0.74856,0
0.087751,0.047441,0,1.0326,0.54865,0
0.0029445,0.098447,0,0.058357,1.7623,0
-0.0015651,0.098617,0,-0.019952,1.703,0
-0.010979,-0.097677,0,-0.19646,-1.7497,0
-0.016545,-0.096979,0,-0.28998,-1.715,0
-0.057696,-0.07945,0,-1.0311,-1.4201,0
0.090353,0.038612,0,1.6137,0.68981,0
0.09263,0.03332,0,1.6312,0.59237,0
0.087966,0.043281,0,1.6025,0.79207,0
0.086602,0.046948,0,1.5098,0.82539,0
-0.088955,0.041804,0,-1.6113,0.7589,0
-0.068893,-0.070312,0,-1.2297,-1.2517,0
-0.072296,-0.067126,0,-1.2473,-1.1536,0
-0.065253,-0.073041,0,-1.2205,-1.3523,0
-0.054091,-0.081198,0,-1.0147,-1.5202,0
0.097739,-0.010989,0,1.7473,-0.19757,0
-0.092137,0.037776,0,-1.1442,0.47534,0
-0.095414,0.030721,0,-1.1348,0.37391,0
0.0037918,0.099949,0,0.053431,1.2156,0
0.095133,-0.025329,0,1.7005,-0.45281,0
0.094012,-0.030122,0,1.6249,-0.51792,0
0.095802,-0.020574,0,1.7774,-0.38944,0
-0.011555,0.097217,0,-0.20844,1.7679,0
0.075121,0.065002,0,0.91559,0.78695,0
-0.056711,0.080063,0,-1.0265,1.447,0
-0.052164,0.083098,0,-0.9476,1.5079,0
0.093235,-0.030059,0,1.7336,-0.54973,0
0.092345,-0.034535,0,1.6427,-0.61614,0
0.099021,-0.011769,0,1.1315,-0.13927,0
0.033604,-0.093793,0,0.41455,-1.1592,0
0.041246,-0.091461,0,0.4895,-1.0933,0
0.026831,-0.096339,0,0.3389,-1.2226,0
-0.072093,-0.066543,0,-1.332,-1.2304,0
-0.075827,-0.063474,0,-1.3397,-1.1193,0
-0.092597,0.033115,0,-1.6772,0.59619,0
-0.05899,-0.081404,0,-0.67253,-0.91562,0
0.091263,-0.0346,0,1.7318,-0.66151,0
0.097286,-0.0072089,0,1.8337,-0.13932,0
0.053486,0.082066,0,0.97221,1.496,0
0.049006,0.085212,0,0.87697,1.5319,0
0.065189,0.07505,0,0.79964,0.92566,0
0.059279,0.08096,0,0.70419,0.95586,0
-0.046445,0.089033,0,-0.51404,0.96891,0
-0.040879,0.091935,0,-0.47868,1.0682,0
-0.094685,0.024098,0,-1.7621,0.4399,0
-0.084146,0.049601,0,-1.5542,0.91391,0
-0.082105,0.054225,0,-1.4775,0.9741,0
-0.042829,0.087768,0,-0.80056,1.632,0
-0.098216,0.017998,0,-1.1983,0.21649,0
-0.10022,0.010315,0,-1.1798,0.1194,0
0.017738,-0.096553,0,0.32567,-1.7861,0
0.013246,-0.098006,0,0.2372,-1.7363,0
-0.047926,0.088594,0,-0.58458,1.0507,0
-0.042267,0.090678,0,-0.55082,1.15,0
-0.0059379,-0.097925,0,-0.1054,-1.791,0
-0.0019668,-0.098716,0,-0.026562,-1.7262,0
-0.0012554,-0.098078,0,-0.014902,-1.8241,0
0.0034967,-0.098552,0,0.063038,-1.7586,0
-0.0024701,0.097851,0,-0.036999,1.8156,0
0.080831,0.0556,0,1.4962,1.0258,0
0.089825,-0.038819,0,1.6542,-0.7166,0
0.090621,-0.039371,0,1.5623,-0.67929,0
0.088332,-0.043647,0,1.5752,-0.77616,0
-0.017377,0.098577,0,-0.19789,1.1226,0
0.098913,0.015103,0,1.0721,0.16117,0
0.099258,0.010658,0,1.1644,0.1173,0
0.098472,0.019232,0,1.1542,0.22087,0
-0.087657,0.047942,0,-0.9511,0.52024,0
-0.085355,0.05181,0,-0.99705,0.61101,0
-0.080386,0.058761,0,-0.95136,0.69624,0
-0.036445,-0.093287,0,-0.39369,-1.0101,0
-0.032276,-0.094962,0,-0.37488,-1.1115,0
-0.024415,-0.096815,0,-0.28311,-1.1457,0
-0.028673,-0.095927,0,-0.35759,-1.2133,0
-0.040039,-0.09191,0,-0.46971,-1.0788,0
0.002631,-0.09993,0,0.030559,-1.0829,0
-0.0015662,-0.10003,0,-0.021604,-1.1699,0
-0.010192,-0.099131,0,-0.12579,-1.169,0
-0.0062679,-0.099348,0,-0.081681,-1.2535,0
0.00089702,-0.09903,0,0.020584,-1.2562,0
-0.013967,-0.099026,0,-0.17659,-1.2606,0
0.066516,-0.074862,0,0.71673,-0.8133,0
0.06249,-0.078248,0,0.72953,-0.91481,0
0.055537,-0.083286,0,0.65137,-0.97833,0
0.068314,-0.072398,0,0.80665,-0.84745,0
0.059235,-0.080678,0,0.74252,-1.0118,0
-0.10037,-0.00044318,0,-1.0829,-0.0071312,0
-0.1002,-0.0061842,0,-1.1659,-0.068988,0
-0.098728,-0.013635,0,-1.1546,-0.17069,0
-0.099133,-0.010581,0,-1.2418,-0.1343,0
0.049851,0.087062,0,0.53669,0.94261,0
0.045043,0.089661,0,0.5248,1.0465,0
0.037519,0.092131,0,0.43289,1.0859,0
0.041148,0.09087,0,0.50781,1.1396,0
0.022108,-0.097479,0,0.24185,-1.0542,0
0.017337,-0.098596,0,0.2062,-1.1467,0
0.0079317,-0.099291,0,0.090427,-1.1748,0
0.013929,-0.098129,0,0.16804,-1.2437,0
0.021631,0.097413,0,0.23386,1.0633,0
0.017169,0.098326,0,0.1983,1.1533,0
0.024024,0.096468,0,0.28621,1.137,0
0.0021821,0.0999,0,0.031435,1.0938,0
-0.095005,-0.030275,0,-1.0378,-0.32937,0
-0.093294,-0.035155,0,-1.0979,-0.40481,0
-0.090034,-0.041325,0,-1.0601,-0.50096,0
-0.095339,-0.027558,0,-1.1268,-0.32143,0
-0.094479,-0.031508,0,-1.1977,-0.3967,0
-0.076338,-0.064314,0,-0.83311,-0.7009,0
-0.079095,-0.060394,0,-0.93338,-0.70891,0
-0.083137,-0.053668,0,-0.98282,-0.63088,0
-0.074335,-0.066461,0,-0.88114,-0.78984,0
-0.076659,-0.063457,0,-0.97596,-0.79365,0
0.085404,-0.051743,0,0.93009,-0.55914,0
0.087764,-0.047283,0,1.0328,-0.55277,0
0.091419,-0.03957,0,1.0792,-0.46174,0
0.083554,-0.054858,0,0.98904,-0.64295,0
0.078731,-0.061278,0,0.92647,-0.72774,0
0.086111,-0.051081,0,1.0905,-0.63465,0
0.081416,-0.057705,0,1.0467,-0.73565,0
0.097453,0.024553,0,1.0564,0.2616,0
0.096019,0.027062,0,1.1328,0.32437,0
0.073708,-0.067461,0,0.80566,-0.73635,0
-0.054574,0.080637,0,-1.0429,1.5466,0
0.05053,-0.08639,0,0.55043,-0.93472,0
-0.07648,0.064205,0,-0.8431,0.70865,0
-0.017449,-0.098176,0,-0.19123,-1.0839,0
0.073436,0.068377,0,0.78555,0.72904,0
0.09885,0.014867,0,1.2467,0.1728,0
0.099914,0.0064135,0,1.263,0.080597,0
0.06839,0.070279,0,1.2689,1.3053,0
-0.026436,0.097048,0,-0.28299,1.0511,0
0.012287,0.097305,0,0.23704,1.8052,0
0.017675,0.096883,0,0.32152,1.7552,0
0.031073,0.09479,0,0.33667,1.0421,0
-0.097681,-0.020398,0,-1.07,-0.23269,0
0.026843,-0.094291,0,0.50124,-1.7526,0
0.091191,0.034635,0,1.7061,0.65073,0
0.041673,-0.090476,0,0.45287,-0.99485,0
0.093351,-0.034288,0,1.0219,-0.37811,0
0.094181,-0.031969,0,1.1244,-0.37856,0
0.093065,-0.036238,0,1.1744,-0.46206,0
-0.087271,-0.047898,0,-0.95663,-0.52747,0
-0.0097371,-0.097461,0,-0.18685,-1.8475,0
0.019528,0.097924,0,0.24747,1.2316,0
-0.095573,0.029992,0,-1.0413,0.33237,0
-0.083106,0.05555,0,-1.0499,0.69423,0
0.093227,0.029623,0,1.7253,0.55538,0
0.092999,0.026019,0,1.8313,0.50718,0
0.094569,0.024924,0,1.7346,0.45457,0
0.085121,0.052716,0,0.93254,0.57815,0
-0.010836,-0.099219,0,-0.13353,-1.3381,0
-0.089185,0.044467,0,-1.0581,0.52327,0
0.011964,0.098981,0,0.15453,1.2309,0
0.095826,-0.029281,0,1.2346,-0.37479,0
-0.072167,-0.069215,0,-0.92776,-0.88441,0
-0.024694,0.094269,0,-0.4692,1.7851,0
-0.019628,0.09465,0,-0.38612,1.8598,0
0.099184,-0.003363,0,1.0887,-0.045481,0
0.058092,0.081249,0,0.6388,0.88836,0
0.09736,0.022148,0,1.2321,0.28424,0
0.094043,0.034541,0,1.1151,0.41808,0
0.095431,0.02971,0,1.2189,0.38422,0
0.09506,0.02183,0,1.8179,0.40893,0
0.095716,0.020205,0,1.7335,0.35587,0
-0.047773,-0.088315,0,-0.56104,-1.0411,0
-0.069862,0.071687,0,-0.75705,0.77788,0
0.099497,0.011042,0,1.3427,0.14471,0
0.096677,0.02521,0,1.3163,0.34522,0
0.052132,0.08515,0,0.6173,1.0025,0
-0.010366,0.10003,0,-0.11636,1.1849,0
0.084452,0.053663,0,1.017,0.64822,0
-0.096552,0.024655,0,-1.2103,0.31541,0
-0.089806,0.044369,0,-1.1558,0.56919,0
0.07061,0.070071,0,0.89123,0.88445,0
0.04572,-0.088856,0,0.58253,-1.1311,0
-0.09994,0.004529,0,-1.2596,0.059394,0
0.083191,0.054805,0,1.1683,0.77383,0
-0.010477,0.099473,0,-0.13149,1.2838,0
0.073431,-0.067894,0,0.98888,-0.91725,0
0.0081007,0.099154,0,0.11212,1.3759,0
0.07114,0.069641,0,0.968,0.94546,0
0.056413,0.082225,0,0.76934,1.1174,0
-0.089976,-0.042574,0,-1.2427,-0.59666,0
-0.087441,-0.047911,0,-1.1571,-0.63211,0
-0.09068,-0.041303,0,-1.1616,-0.54072,0
-0.083671,-0.054268,0,-1.126,-0.73143,0
0.082,-0.057231,0,1.1428,-0.79299,0
0.099987,-0.0035292,0,1.3799,-0.051913,0
-0.064879,-0.076371,0,-0.76175,-0.8859,0
-0.096263,0.025572,0,-1.3006,0.35114,0
0.092167,0.038625,0,1.2911,0.54337,0
-0.045891,-0.088765,0,-0.6272,-1.2108,0
-0.043223,-0.090445,0,-0.54812,-1.1456,0
-0.035987,-0.093525,0,-0.45403,-1.1825,0
-0.032481,-0.094468,0,-0.43793,-1.2832,0
0.025665,-0.096312,0,0.35035,-1.3169,0
-0.089517,0.043941,0,-1.249,0.61034,0
0.097253,-0.022899,0,1.3281,-0.31112,0
-0.067299,-0.073511,0,-0.91985,-1.0001,0
-0.010908,0.099051,0,-0.14617,1.3821,0
0.08358,0.054357,0,1.0904,0.71164,0
0.088394,-0.046919,0,1.1969,-0.6283,0
-0.029288,0.095498,0,-0.39482,1.2941,0
-0.036051,0.092889,0,-0.47276,1.2319,0
-0.040274,0.091143,0,-0.5656,1.265,0
-0.046392,0.08841,0,-0.64541,1.2024,0
0.00068634,-0.09972,0,0.016849,-1.3646,0
0.043644,-0.089754,0,0.59719,-1.2286,0
-0.09949,0.0069443,0,-1.3498,0.09259,0
-0.05209,-0.085169,0,-0.72048,-1.1744,0
-0.073987,0.067525,0,-0.94011,0.85903,0
-0.08563,-0.050692,0,-1.3853,-0.82144,0
-0.087636,-0.046441,0,-1.4782,-0.78502,0
-0.084752,-0.050942,0,-1.4633,-0.88361,0
-0.086768,-0.047314,0,-1.5559,-0.84716,0
-0.089178,-0.042336,0,-1.5708,-0.74856,0
-0.0837,-0.051087,0,-1.5549,-0.95516,0
-0.081831,-0.055586,0,-1.4484,-0.98221,0
-0.085659,-0.047309,0,-1.6264,-0.89298,0
0.086087,-0.04933,0,1.4064,-0.80364,0
0.083338,-0.053032,0,1.4213,-0.90223,0
0.0080061,-0.099085,0,0.12946,-1.6013,0
-0.046267,0.087376,0,-0.76596,1.4396,0
-0.079483,-0.059784,0,-1.2777,-0.95649,0
0.091068,-0.039898,0,1.4695,-0.64287,0
-0.031713,0.093574,0,-0.51743,1.5277,0
-0.046673,-0.087293,0,-0.76894,-1.4343,0
-0.043512,-0.088379,0,-0.75407,-1.5329,0
-0.044986,-0.086638,0,-0.83276,-1.5981,0
-0.040572,-0.088967,0,-0.73646,-1.6258,0
0.087534,0.046403,0,1.4319,0.7632,0
-0.0028324,-0.099186,0,-0.041411,-1.6274,0
-0.049619,-0.084011,0,-0.9248,-1.5628,0
-0.050572,-0.08246,0,-1,-1.6259,0
0.075663,0.064219,0,1.2165,1.0332,0
-0.093908,0.032512,0,-1.5006,0.52246,0
-0.066517,0.073646,0,-1.0775,1.1912,0
-0.068065,0.0716,0,-1.1703,1.2277,0
-0.065523,0.073233,0,-1.1821,1.3224,0
-0.069364,0.069585,0,-1.2632,1.2641,0
-0.072006,0.067427,0,-1.2483,1.1655,0
-0.072897,0.06522,0,-1.3411,1.2019,0
-0.075873,0.063029,0,-1.3262,1.1033,0
-0.076413,0.061329,0,-1.4191,1.1397,0
-0.074916,0.064926,0,-1.2334,1.0669,0
-0.00080095,0.099198,0,-0.0051208,1.6049,0
0.098479,-0.013696,0,1.5807,-0.22272,0
-0.060234,-0.078773,0,-0.96945,-1.2629,0
-0.072277,-0.067875,0,-1.17,-1.0915,0
-0.021774,0.096544,0,-0.34669,1.5534,0
0.063851,0.076052,0,1.0159,1.2046,0
0.03458,-0.093077,0,0.549,-1.4876,0
0.094753,-0.029865,0,1.5325,-0.48199,0
-0.097838,0.016631,0,-1.5489,0.26309,0
0.018732,-0.097581,0,0.30029,-1.5756,0
0.099348,0.0022534,0,1.6289,0.03665,0
0.050689,0.085304,0,0.81541,1.376,0
0.049153,-0.086205,0,0.79771,-1.3997,0
-0.099109,0.00043147,0,-1.5971,0.0037272,0
0.044873,-0.087019,0,0.83899,-1.6099,0
0.04987,-0.084718,0,0.90542,-1.5347,0
-0.098052,0.0043145,0,-1.7827,0.076575,0
-0.098302,-0.0010246,0,-1.7656,-0.024796,0
0.097981,0.01438,0,1.5984,0.23231,0
0.098003,0.011307,0,1.6856,0.19767,0
0.059424,-0.079462,0,0.9536,-1.2754,0
0.061582,-0.077316,0,1.0464,-1.3117,0
0.066044,-0.073393,0,1.1244,-1.2495,0
0.063281,-0.075204,0,1.1386,-1.3464,0
0.059081,-0.078639,0,1.0588,-1.4085,0
0.067555,-0.071287,0,1.2135,-1.2862,0
0.070413,-0.069239,0,1.2017,-1.1874,0
0.071383,-0.067264,0,1.2916,-1.2225,0
0.064643,-0.073098,0,1.2251,-1.3818,0
-0.098511,-0.011957,0,-1.5676,-0.1935,0
-0.097851,-0.015089,0,-1.6453,-0.25564,0
-0.096859,-0.020936,0,-1.6305,-0.35423,0
-0.096926,-0.017853,0,-1.7229,-0.3183,0
-0.097723,-0.01231,0,-1.7381,-0.2192,0
-0.095789,-0.023328,0,-1.7053,-0.41603,0
-0.095445,-0.026714,0,-1.6151,-0.45276,0
-0.094139,-0.02869,0,-1.6895,-0.51505,0
-0.095777,-0.020061,0,-1.7965,-0.37609,0
0.097762,-0.0016028,0,1.8145,-0.036164,0
0.097586,0.0038611,0,1.8005,0.071985,0
0.097011,0.0069768,0,1.8672,0.14069,0
0.03974,0.090968,0,0.62984,1.4489,0
0.03664,0.091952,0,0.61486,1.5474,0
0.031088,0.09411,0,0.52204,1.5838,0
0.033748,0.092559,0,0.6,1.6436,0
0.03901,0.09043,0,0.69256,1.6075,0
0.028517,0.094414,0,0.50687,1.6818,0
-0.030104,-0.094316,0,-0.49022,-1.5436,0
-0.032828,-0.092823,0,-0.56809,-1.605,0
0.096944,0.020603,0,1.5831,0.33239,0
-0.061187,0.076769,0,-1.1034,1.3836,0
-0.062744,0.074556,0,-1.1932,1.4204,0
0.057543,0.079308,0,1.069,1.4616,0
0.028021,0.095459,0,0.4441,1.5216,0
0.068925,-0.071329,0,1.1094,-1.151,0
0.093796,0.03179,0,1.5534,0.53071,0
-0.018773,-0.097187,0,-0.30483,-1.6165,0
-0.096485,-0.024346,0,-1.5376,-0.39064,0
0.015837,0.09807,0,0.2585,1.5945,0
-0.090319,-0.041387,0,-1.493,-0.68642,0
0.080343,-0.057841,0,1.3433,-0.96441,0
0.077574,-0.060774,0,1.3582,-1.063,0
-0.084669,0.052028,0,-1.3745,0.84415,0
-0.06933,0.071422,0,-1.0627,1.0926,0
-0.059521,0.080437,0,-0.79686,1.0806,0
0.047301,0.086775,0,0.80027,1.4738,0
-0.0823,-0.055284,0,-1.3705,-0.92004,0
0.052066,-0.083899,0,0.89054,-1.4361,0
-0.098689,-0.0032859,0,-1.6747,-0.058906,0
-0.041401,-0.089884,0,-0.6761,-1.4707,0
-0.081917,0.055706,0,-1.3885,0.94181,0
0.019726,0.096943,0,0.33641,1.6566,0
0.0029174,-0.098951,0,0.05091,-1.663,0
0.084482,0.051112,0,1.417,0.86179,0
-0.0061821,0.098738,0,-0.097949,1.6413,0
-0.026363,0.095035,0,-0.43951,1.5898,0
0.073251,-0.066938,0,1.1873,-1.0888,0
-0.07583,-0.06367,0,-1.2625,-1.0554,0
-0.091886,0.037567,0,-1.5155,0.62107,0
0.013438,-0.098205,0,0.22227,-1.6377,0
0.092806,-0.034834,0,1.5478,-0.58041,0
0.097757,-0.015017,0,1.6728,-0.25924,0
-0.094795,-0.030424,0,-1.5227,-0.48923,0
0.064393,0.074912,0,1.0939,1.2668,0
0.033317,-0.093114,0,0.56366,-1.5859,0
-0.09718,0.017774,0,-1.6416,0.29943,0
-0.06108,-0.077496,0,-1.0472,-1.3245,0
0.075367,0.06381,0,1.294,1.0951,0
0.098726,0.005605,0,1.7056,0.10349,0
-0.070841,0.069404,0,-1.1555,1.1291,0
-0.027494,-0.094564,0,-0.47548,-1.6421,0
-0.030465,-0.092841,0,-0.55895,-1.7059,0
-0.025116,-0.094588,0,-0.46933,-1.7483,0
-0.023553,-0.09362,0,-0.46153,-1.8518,0
-0.01973,-0.095769,0,-0.36247,-1.796,0
-0.033293,-0.091595,0,-0.64557,-1.7496,0
-0.078943,-0.05953,0,-1.3554,-1.019,0
0.080569,-0.056402,0,1.4348,-0.99999,0
0.083506,-0.051756,0,1.5085,-0.93692,0
0.078001,-0.058874,0,1.4504,-1.0954,0
-0.038377,-0.090624,0,-0.66083,-1.5684,0
-0.091272,0.037412,0,-1.603,0.65837,0
0.042051,0.089521,0,0.70763,1.5105,0
-0.093657,-0.032333,0,-1.6,-0.55141,0
-0.092198,-0.033895,0,-1.6774,-0.61417,0
0.096625,-0.016184,0,1.7607,-0.29551,0
0.095568,-0.016693,0,1.8664,-0.32393,0
0.064984,0.073838,0,1.1718,1.329,0
0.03199,-0.093178,0,0.5764,-1.6797,0
0.056978,-0.080787,0,0.96806,-1.3736,0
-0.098449,-0.0092578,0,-1.6602,-0.15712,0
-0.096562,0.018701,0,-1.7332,0.33572,0
-0.061681,-0.076113,0,-1.129,-1.3865,0
-0.030527,0.093329,0,-0.53202,1.6258,0
-0.006479,0.098312,0,-0.11285,1.74,0
0.083761,0.051548,0,1.4949,0.92398,0
-0.022245,-0.095941,0,-0.38326,-1.683,0
0.025545,0.095761,0,0.42917,1.6201,0
0.0084287,-0.098507,0,0.14369,-1.6992,0
-0.077767,0.062062,0,-1.2186,0.96839,0
0.088557,-0.04438,0,1.484,-0.74119,0
0.074246,-0.065063,0,1.2803,-1.1252,0
-0.029503,0.092901,0,-0.54802,1.725,0
-0.033363,0.09133,0,-0.64101,1.7518,0
-0.091634,-0.037474,0,-1.5855,-0.65009,0
0.074997,0.063331,0,1.3853,1.1677,0
0.085989,-0.048225,0,1.4992,-0.84005,0
0.074714,-0.063078,0,1.3731,-1.1589,0
0.07518,-0.06092,0,1.4784,-1.2,0
0.054617,-0.081761,0,0.98112,-1.4724,0
0.052719,-0.081926,0,0.99652,-1.5615,0
-0.098139,-0.0068033,0,-1.7521,-0.12003,0
-0.097608,-0.0045123,0,-1.841,-0.085497,0
0.04406,0.087987,0,0.78555,1.5715,0
0.045544,0.086396,0,0.85664,1.6294,0
0.023214,0.095738,0,0.41298,1.7185,0
0.021446,0.095216,0,0.40065,1.8079,0
-0.078657,0.060361,0,-1.3113,1.0046,0
-0.079064,0.05873,0,-1.4033,1.0402,0
-0.078294,-0.059323,0,-1.4456,-1.0924,0
0.085504,-0.047107,0,1.5983,-0.87974,0
0.0083257,-0.097831,0,0.14888,-1.8103,0
-0.090323,-0.038612,0,-1.6626,-0.71412,0
-0.09051,-0.035001,0,-1.7724,-0.68184,0
-0.079197,0.056767,0,-1.5004,1.0757,0
0.097729,-0.01962,0,1.1485,-0.23058,0
-0.053262,0.085082,0,-0.72083,1.1424,0
-0.050528,0.086146,0,-0.73644,1.2416,0
-0.053994,0.083659,0,-0.82888,1.2789,0
-0.051605,0.084617,0,-0.84379,1.3775,0
-0.049484,0.085151,0,-0.85801,1.4753,0
-0.047349,0.085266,0,-0.87355,1.5747,0
-0.099475,0.0093846,0,-1.0816,0.10658,0
-0.041647,-0.087402,0,-0.81375,-1.6995,0
-0.087714,-0.043135,0,-1.6445,-0.80975,0
0.0857,0.047394,0,1.5895,0.89082,0
0.061217,0.076072,0,1.1563,1.4249,0
0.09634,-0.0026318,0,1.9123,-0.058553,0
0.089948,0.043861,0,0.97526,0.47274,0
0.054305,0.080243,0,1.0569,1.5712,0
0.040811,0.088808,0,0.76554,1.668,0
0.047935,-0.087242,0,0.56617,-1.0339,0
-0.098434,-0.014425,0,-1.3121,-0.20339,0
0.10012,-0.0010432,0,1.2892,-0.017242,0
0.089673,-0.043777,0,1.1305,-0.54756,0
0.013711,-0.098446,0,0.1807,-1.3436,0
-0.021472,-0.097913,0,-0.26823,-1.2472,0
-0.075572,0.059701,0,-1.5061,1.182,0
-0.096667,-0.014867,0,-1.8135,-0.27917,0
-0.096696,0.014598,0,-1.8088,0.27232,0
-0.09606,0.011325,0,-1.8937,0.21862,0
0.0076107,0.097554,0,0.12923,1.8278,0
0.093712,-0.034688,0,1.2688,-0.47692,0
-0.09297,-0.030315,0,-1.766,-0.57255,0
0.099787,0.0018757,0,1.1761,0.020668,0
-0.035487,-0.091092,0,-0.64651,-1.6588,0
0.076921,-0.064131,0,0.96873,-0.81871,0
0.075819,0.060481,0,1.4994,1.1957,0
0.069423,0.067612,0,1.3729,1.3391,0
-0.0094686,0.096233,0,-0.18982,1.9092,0
0.081504,0.052874,0,1.6047,1.0402,0
-7.085e-05,0.09683,0,-2.4538e-09,1.9178,0
0.086432,0.043913,0,1.6917,0.85866,0
0.010091,-0.096569,0,0.19657,-1.9014,0
-0.068628,0.06757,0,-1.3636,1.3473,0
-0.041286,0.087129,0,-0.8141,1.7283,0
0.086168,-0.043833,0,1.7066,-0.87491,0
-0.088172,0.039625,0,-1.7507,0.786,0
-0.078821,-0.056694,0,-1.5571,-1.1195,0
-0.091517,0.030699,0,-1.819,0.60967,0
0.019523,-0.095088,0,0.38219,-1.8741,0
0.0096502,0.09614,0,0.19113,1.9052,0
0.081278,-0.052561,0,1.6113,-1.0409,0
-0.083814,0.048748,0,-1.6439,0.95507,0
-0.072879,-0.064059,0,-1.4335,-1.2627,0
0.033131,0.09102,0,0.65625,1.8014,0
-0.094459,0.02162,0,-1.8697,0.42675,0
0.028548,-0.092639,0,0.56528,-1.8326,0
-0.050368,0.081767,0,-1.0129,1.6363,0
0.04184,-0.087002,0,0.82852,-1.7182,0
0.037583,-0.089093,0,0.74036,-1.7629,0
-0.062,-0.074499,0,-1.2133,-1.4591,0
-0.065868,-0.071188,0,-1.303,-1.4,0
0.096166,0.01169,0,1.8957,0.22782,0
0.096642,0.013664,0,1.8204,0.26681,0
0.056367,-0.082295,0,0.75237,-1.1078,0
0.065227,-0.07557,0,0.82116,-0.94621,0
0.091477,-0.031102,0,1.8163,-0.61672,0
0.09455,0.028287,0,1.6445,0.49551,0
0.094428,-0.021609,0,1.8601,-0.43323,0
0.02683,-0.096062,0,0.31677,-1.1265,0
0.00012813,-0.097114,0,0.0065902,-1.9147,0
-0.032907,0.095135,0,-0.37521,1.1032,0
-0.05275,-0.085112,0,-0.57709,-0.93528,0
0.01956,-0.097222,0,0.26145,-1.2849,0
0.062116,-0.07809,0,0.83407,-1.0438,0
0.071065,-0.070271,0,0.89452,-0.88372,0
-0.0984,-0.0172,0,-1.2242,-0.23262,0
0.052569,-0.084845,0,0.65791,-1.0734,0
-0.075688,-0.064827,0,-1.0345,-0.86699,0
-0.097308,-0.0097315,0,-1.8271,-0.18138,0
0.054445,0.083732,0,0.69168,1.0591,0
0.030975,0.092751,0,0.58564,1.739,0
0.026193,0.094186,0,0.48906,1.7763,0
0.097389,0.0092592,0,1.7875,0.18029,0
0.07055,0.070853,0,0.81481,0.82056,0
-0.095369,-0.01704,0,-1.8879,-0.33622,0
0.036051,0.09092,0,0.67476,1.7041,0
-0.025288,-0.096721,0,-0.34346,-1.3167,0
-0.081038,-0.057334,0,-1.0255,-0.71718,0
0.03755,0.092357,0,0.49251,1.232,0
-0.096647,-0.0072671,0,-1.9141,-0.14219,0
0.089945,0.035564,0,1.789,0.70213,0
-0.054632,-0.079751,0,-1.0833,-1.5868,0
0.062517,0.074297,0,1.235,1.4663,0
0.077855,0.05925,0,1.4617,1.1123,0
0.097046,0.017434,0,1.6679,0.29324,0
-0.0028061,0.099874,0,-0.032737,1.1654,0
-0.097304,0.023498,0,-1.1259,0.27531,0
0.0073236,-0.098988,0,0.096146,-1.3094,0
-0.01899,-0.094747,0,-0.38029,-1.8918,0
0.095953,0.023091,0,1.6554,0.39659,0
0.047723,0.087688,0,0.60209,1.0995,0
0.056679,-0.079417,0,1.0719,-1.5011,0
-0.01619,0.096063,0,-0.29862,1.8036,0
-0.090078,0.037292,0,-1.6927,0.7052,0
0.080627,-0.054793,0,1.5228,-1.0269,0
0.062095,-0.074207,0,1.236,-1.4716,0
-0.0071534,0.097184,0,-0.14532,1.8315,0
0.022368,0.097116,0,0.3081,1.305,0
-0.093236,0.028747,0,-1.7529,0.54891,0
0.09635,-0.0070797,0,1.921,-0.1439,0
-0.014553,-0.096888,0,-0.26417,-1.8,0
0.042197,0.087128,0,0.8373,1.7289,0
-0.07508,-0.062844,0,-1.4071,-1.1776,0
-0.09435,-0.021931,0,-1.8669,-0.43481,0
0.072149,-0.065437,0,1.3791,-1.2563,0
-0.080853,-0.055206,0,-1.5175,-1.0392,0
0.071557,0.06664,0,1.3458,1.2539,0
0.034269,0.093747,0,0.42138,1.1757,0
-0.099934,0.0022543,0,-1.17,0.029607,0
0.093134,0.03677,0,1.2105,0.48359,0
-0.095125,-0.029479,0,-1.2819,-0.39343,0
0.060735,-0.07642,0,1.1481,-1.4405,0
0.043994,0.089272,0,0.58488,1.1947,0
-0.086032,-0.044494,0,-1.7134,-0.8701,0
-0.04845,0.087211,0,-0.63878,1.1171,0
-0.09723,0.0059324,0,-1.8652,0.11141,0
-0.096804,-0.0021811,0,-1.9261,-0.048035,0
0.023809,0.093784,0,0.47062,1.8652,0
0.035516,-0.091064,0,0.65947,-1.7146,0
0.074013,-0.067287,0,0.88041,-0.80279,0
-0.099856,-0.0031215,0,-1.2518,-0.037969,0
-0.086553,0.049054,0,-1.0839,0.61481,0
-0.063709,-0.076619,0,-0.69027,-0.82993,0
0.084694,-0.0526,0,1.1389,-0.70594,0
0.054331,-0.079882,0,1.0813,-1.592,0
0.08774,-0.042891,0,1.6565,-0.80353,0
-0.037235,0.093368,0,-0.45182,1.1487,0
0.065961,-0.070859,0,1.3116,-1.4131,0
-0.099179,-0.0076905,0,-1.3289,-0.1046,0
-0.078346,0.056344,0,-1.567,1.1266,0
-0.038096,0.089449,0,-0.7189,1.6921,0
-0.07664,0.0647,0,-0.91927,0.77479,0
0.046355,0.08483,0,0.92401,1.6919,0
-0.02401,0.093136,0,-0.47795,1.8709,0
0.083081,0.051579,0,1.5668,0.96842,0
-0.094525,-0.025093,0,-1.7791,-0.47424,0
0.022246,-0.095201,0,0.41152,-1.795,0
0.012772,-0.097071,0,0.24001,-1.8226,0
-0.086283,0.045658,0,-1.6196,0.85744,0
0.089794,-0.034954,0,1.8026,-0.70205,0
0.096961,-0.01741,0,1.0623,-0.18533,0
-0.095315,0.0191,0,-1.8105,0.36732,0
0.0022438,0.097524,0,0.049164,1.8477,0
-0.068728,-0.069536,0,-1.2906,-1.3113,0
0.080766,0.058997,0,0.93668,0.68955,0
-0.087977,-0.045983,0,-1.0941,-0.57749,0
-0.012153,-0.098781,0,-0.17146,-1.4129,0
-0.097591,0.00076851,0,-1.8506,0.0092469,0
-0.082153,0.056008,0,-1.1093,0.75135,0
0.068529,-0.069394,0,1.2975,-1.3197,0
0.0095156,0.099219,0,0.11481,1.1534,0
0.019135,0.09505,0,0.37953,1.8865,0
0.050388,-0.08262,0,1.0015,-1.6419,0
0.091174,-0.041132,0,1.2113,-0.5369,0
-0.058488,-0.078202,0,-1.1051,-1.4796,0
0.089323,0.039646,0,1.6881,0.74827,0
0.034807,-0.093613,0,0.40844,-1.0767,0
-0.085064,-0.051762,0,-1.0719,-0.65017,0
-0.017637,-0.098743,0,-0.20845,-1.1822,0
0.026672,0.096024,0,0.33612,1.2078,0
-0.017535,0.099469,0,-0.18412,1.0442,0
-0.0095786,-0.095871,0,-0.19296,-1.9284,0
0.097134,-0.012338,0,1.8193,-0.23713,0
-0.091499,-0.03078,0,-1.8368,-0.61458,0
-0.070051,-0.071866,0,-0.84201,-0.86303,0
0.064876,0.072925,0,1.2243,1.3872,0
-0.09256,0.037013,0,-1.0761,0.43206,0
-0.07971,-0.059626,0,-1.0573,-0.78912,0
0.094278,-0.025235,0,1.7793,-0.4717,0
0.050215,0.083796,0,0.94713,1.5812,0
0.0036351,-0.097942,0,0.064474,-1.8396,0
-0.058959,0.078338,0,-1.1042,1.4645,0
-0.061506,0.073857,0,-1.2447,1.4859,0
0.093612,0.021428,0,1.8903,0.4308,0
0.096636,-0.026018,0,1.1628,-0.30781,0
-0.096511,-0.024831,0,-1.2116,-0.31474,0
-0.083774,-0.048402,0,-1.6599,-0.9762,0
-0.091643,-0.037136,0,-1.1555,-0.46055,0
0.031041,0.094891,0,0.36333,1.1215,0
-0.099121,0.016657,0,-1.1283,0.17524,0
0.030891,-0.092477,0,0.5898,-1.7582,0
0.0485,-0.084269,0,0.93146,-1.6056,0
0.083046,-0.050581,0,1.5817,-0.96993,0
-0.066664,0.070972,0,-1.2664,1.3405,0
-0.054293,0.079018,0,-1.0945,1.6053,0
0.090922,0.040256,0,1.0569,0.46763,0
0.072089,-0.063761,0,1.4573,-1.2861,0
-0.0038189,-0.098958,0,-0.054416,-1.3269,0
0.02028,-0.097479,0,0.26019,-1.2043,0
-0.05265,0.084433,0,-0.62476,0.98032,0
0.01673,0.095973,0,0.32603,1.8295,0
0.064428,0.076069,0,0.73208,0.88389,0
-0.097586,-0.020365,0,-1.1484,-0.24743,0
-0.070209,0.067776,0,-1.3359,1.2754,0
-0.050562,0.083366,0,-0.9502,1.5863,0
-0.032546,-0.090601,0,-0.66407,-1.8259,0
0.095537,0.0069196,0,1.9403,0.14541,0
-0.038216,-0.08987,0,-0.71057,-1.6992,0
-0.091275,0.033344,0,-1.7485,0.63342,0
-0.011833,0.096487,0,-0.22694,1.8432,0
-0.096009,0.0069914,0,-1.9394,0.1431,0
-0.087054,-0.048012,0,-1.0258,-0.56909,0
-0.087887,0.041381,0,-1.677,0.79597,0
0.097112,0.014733,0,1.7463,0.26686,0
-0.082166,0.052964,0,-1.5548,0.99092,0
-0.032605,0.090409,0,-0.66403,1.8269,0
0.098547,-0.010296,0,1.0663,-0.11405,0
0.095661,0.018061,0,1.8015,0.33277,0
0.0076374,-0.099412,0,0.093801,-1.246,0
0.076232,0.065721,0,0.86509,0.72589,0
0.0087892,0.099309,0,0.11059,1.2982,0
