"f_42-0:0","f_42-0:1","f_42-0:2",":0",":1",":2"
0.99504,0,0,1,0,0
-0.49752,0.86173,0,-0.5,0.86603,0
-0.49752,-0.86173,0,-0.5,-0.86603,0
0.49776,0.00032778,0,2,0,0
-0.24887,0.43109,0,-1,1.7321,0
-0.24908,-0.43096,0,-1,-1.7321,0
0.99009,0.099074,0,0.99503,0.099568,0
0.97531,0.19716,0,0.98017,0.19815,0
0.95083,0.29329,0,0.95557,0.29476,0
0.9169,0.38651,0,0.92148,0.38843,0
0.87386,0.47588,0,0.87822,0.47825,0
0.82214,0.56052,0,0.82624,0.56332,0
0.76224,0.6396,0,0.76604,0.64279,0
0.69477,0.71231,0,0.69824,0.71587,0
0.6204,0.77795,0,0.62349,0.78183,0
0.53985,0.83586,0,0.54255,0.84003,0
0.45395,0.88546,0,0.45621,0.88987,0
0.36353,0.92625,0,0.36534,0.93087,0
0.2695,0.95785,0,0.27084,0.96262,0
0.17279,0.97992,0,0.17365,0.98481,0
0.074359,0.99225,0,0.07473,0.9972,0
-0.024807,0.99473,0,-0.024931,0.99969,0
-0.12373,0.98731,0,-0.12434,0.99224,0
-0.22142,0.97009,0,-0.22252,0.97493,0
-0.31691,0.94322,0,-0.31849,0.94793,0
-0.40925,0.90698,0,-0.41129,0.91151,0
-0.58085,0.80791,0,-0.58374,0.81194,0
-0.6584,0.74606,0,-0.66169,0.74978,0
-0.72941,0.6768,0,-0.73305,0.68017,0
-0.79318,0.60081,0,-0.79713,0.6038,0
-0.84906,0.51885,0,-0.85329,0.52144,0
-0.8965,0.43173,0,-0.90097,0.43388,0
-0.93503,0.34032,0,-0.93969,0.34202,0
-0.96427,0.24553,0,-0.96908,0.24676,0
-0.98392,0.1483,0,-0.98883,0.14904,0
-0.9938,0.049599,0,-0.99876,0.049846,0
-0.9938,-0.049599,0,-0.99876,-0.049846,0
-0.98392,-0.1483,0,-0.98883,-0.14904,0
-0.96427,-0.24553,0,-0.96908,-0.24676,0
-0.93503,-0.34032,0,-0.93969,-0.34202,0
-0.8965,-0.43173,0,-0.90097,-0.43388,0
-0.84906,-0.51885,0,-0.85329,-0.52144,0
-0.79318,-0.60081,0,-0.79713,-0.6038,0
-0.72941,-0.6768,0,-0.73305,-0.68017,0
-0.6584,-0.74606,0,-0.66169,-0.74978,0
-0.58085,-0.80791,0,-0.58374,-0.81194,0
-0.40925,-0.90698,0,-0.41129,-0.91151,0
-0.31691,-0.94322,0,-0.31849,-0.94793,0
-0.22142,-0.97009,0,-0.22252,-0.97493,0
-0.12373,-0.98731,0,-0.12434,-0.99224,0
-0.024807,-0.99473,0,-0.024931,-0.99969,0
0.074359,-0.99225,0,0.07473,-0.9972,0
0.17279,-0.97992,0,0.17365,-0.98481,0
0.2695,-0.95785,0,0.27084,-0.96262,0
0.36353,-0.92625,0,0.36534,-0.93087,0
0.45395,-0.88546,0,0.45621,-0.88987,0
0.53985,-0.83586,0,0.54255,-0.84003,0
0.6204,-0.77795,0,0.62349,-0.78183,0
0.69477,-0.71231,0,0.69824,-0.71587,0
0.76224,-0.6396,0,0.76604,-0.64279,0
0.82214,-0.56052,0,0.82624,-0.56332,0
0.87386,-0.47588,0,0.87822,-0.47825,0
0.9169,-0.38651,0,0.92148,-0.38843,0
0.95083,-0.29329,0,0.95557,-0.29476,0
0.97531,-0.19716,0,0.98017,-0.19815,0
0.99009,-0.099074,0,0.99503,-0.099568,0
0.49713,0.025265,0,1.9975,0.099692,0
0.49525,0.050055,0,1.9901,0.19914,0
0.49211,0.074742,0,1.9777,0.29808,0
0.48777,0.099264,0,1.9603,0.39629,0
0.4822,0.12352,0,1.9382,0.49351,0
0.47541,0.14748,0,1.9111,0.58951,0
0.46746,0.17105,0,1.8794,0.68404,0
0.45835,0.19411,0,1.843,0.77687,0
0.44814,0.21668,0,1.8019,0.86777,0
0.43679,0.2387,0,1.7564,0.95651,0
0.42439,0.26011,0,1.7066,1.0429,0
0.41096,0.28084,0,1.6525,1.1266,0
0.39653,0.30088,0,1.5943,1.2076,0
0.38113,0.32016,0,1.5321,1.2856,0
0.36478,0.33867,0,1.4661,1.3603,0
0.34755,0.35634,0,1.3965,1.4317,0
0.32945,0.37313,0,1.3234,1.4996,0
0.31054,0.38902,0,1.247,1.5637,0
0.29078,0.40399,0,1.1675,1.6239,0
0.27031,0.41799,0,1.0851,1.6801,0
0.24917,0.43091,0,1,1.7321,0
0.22744,0.44276,0,0.91242,1.7797,0
0.20511,0.45354,0,0.82257,1.823,0
0.18223,0.4632,0,0.73068,1.8617,0
0.15889,0.47172,0,0.63697,1.8959,0
0.13516,0.47906,0,0.54168,1.9252,0
0.11114,0.48519,0,0.44504,1.9499,0
0.086895,0.49012,0,0.3473,1.9696,0
0.062398,0.49383,0,0.24869,1.9845,0
0.037707,0.49633,0,0.14946,1.9944,0
0.01294,0.4976,0,0.049861,1.9994,0
-0.011864,0.49762,0,-0.049861,1.9994,0
-0.036665,0.49641,0,-0.14946,1.9944,0
-0.061362,0.49397,0,-0.24869,1.9845,0
-0.085945,0.49029,0,-0.3473,1.9696,0
-0.11034,0.48539,0,-0.44504,1.9499,0
-0.13446,0.47926,0,-0.54168,1.9252,0
-0.15826,0.47194,0,-0.63697,1.8959,0
-0.18159,0.46347,0,-0.73068,1.8617,0
-0.20445,0.45384,0,-0.82257,1.823,0
-0.22692,0.44302,0,-0.91242,1.7797,0
-0.27009,0.41813,0,-1.0851,1.6801,0
-0.29054,0.40418,0,-1.1675,1.6239,0
-0.31028,0.38923,0,-1.247,1.5637,0
-0.32918,0.37339,0,-1.3234,1.4996,0
-0.34726,0.35662,0,-1.3965,1.4317,0
-0.36457,0.33891,0,-1.4661,1.3603,0
-0.38104,0.32028,0,-1.5321,1.2856,0
-0.39654,0.30089,0,-1.5943,1.2076,0
-0.41101,0.28081,0,-1.6525,1.1266,0
-0.42447,0.25998,0,-1.7066,1.0429,0
-0.43693,0.23845,0,-1.7564,0.95651,0
-0.44829,0.21635,0,-1.8019,0.86777,0
-0.4585,0.19378,0,-1.843,0.77687,0
-0.46757,0.17074,0,-1.8794,0.68404,0
-0.47547,0.14732,0,-1.9111,0.58951,0
-0.48219,0.12355,0,-1.9382,0.49351,0
-0.48771,0.099528,0,-1.9603,0.39629,0
-0.49204,0.075231,0,-1.9777,0.29808,0
-0.49518,0.050761,0,-1.9901,0.19914,0
-0.49707,0.026064,0,-1.9975,0.099692,0
-0.49775,0.0011403,0,-2,-5.8974e-09,0
-0.49718,-0.023896,0,-1.9975,-0.099692,0
-0.49534,-0.048938,0,-1.9901,-0.19914,0
-0.49224,-0.073881,0,-1.9777,-0.29808,0
-0.48789,-0.098612,0,-1.9603,-0.39629,0
-0.48231,-0.12302,0,-1.9382,-0.49351,0
-0.47557,-0.14698,0,-1.9111,-0.58951,0
-0.46766,-0.17049,0,-1.8794,-0.68404,0
-0.45857,-0.19357,0,-1.843,-0.77687,0
-0.44838,-0.21616,0,-1.8019,-0.86777,0
-0.43707,-0.23814,0,-1.7564,-0.95651,0
-0.42476,-0.25952,0,-1.7066,-1.0429,0
-0.41139,-0.28022,0,-1.6525,-1.1266,0
-0.39699,-0.30027,0,-1.5943,-1.2076,0
-0.38159,-0.31962,0,-1.5321,-1.2856,0
-0.36523,-0.3382,0,-1.4661,-1.3603,0
-0.34794,-0.35595,0,-1.3965,-1.4317,0
-0.32977,-0.37285,0,-1.3234,-1.4996,0
-0.31075,-0.38886,0,-1.247,-1.5637,0
-0.29094,-0.40388,0,-1.1675,-1.6239,0
-0.27038,-0.41793,0,-1.0851,-1.6801,0
-0.22711,-0.44294,0,-0.91242,-1.7797,0
-0.20457,-0.45378,0,-0.82257,-1.823,0
-0.18164,-0.46345,0,-0.73068,-1.8617,0
-0.15829,-0.47193,0,-0.63697,-1.8959,0
-0.13449,-0.47925,0,-0.54168,-1.9252,0
-0.11038,-0.48538,0,-0.44504,-1.9499,0
-0.086022,-0.49028,0,-0.3473,-1.9696,0
-0.061441,-0.49396,0,-0.24869,-1.9845,0
-0.036727,-0.49641,0,-0.14946,-1.9944,0
-0.011855,-0.49761,0,-0.049861,-1.9994,0
0.013034,-0.49759,0,0.049861,-1.9994,0
0.037868,-0.49632,0,0.14946,-1.9944,0
0.062594,-0.49381,0,0.24869,-1.9845,0
0.087152,-0.49007,0,0.3473,-1.9696,0
0.11147,-0.48512,0,0.44504,-1.9499,0
0.1355,-0.47896,0,0.54168,-1.9252,0
0.15918,-0.47163,0,0.63697,-1.8959,0
0.18249,-0.46311,0,0.73068,-1.8617,0
0.2054,-0.45341,0,0.82257,-1.823,0
0.22783,-0.44257,0,0.91242,-1.7797,0
0.24967,-0.43062,0,1,-1.7321,0
0.27087,-0.41761,0,1.0851,-1.6801,0
0.29143,-0.40353,0,1.1675,-1.6239,0
0.31128,-0.38842,0,1.247,-1.5637,0
0.33034,-0.37234,0,1.3234,-1.4996,0
0.34854,-0.35535,0,1.3965,-1.4317,0
0.36582,-0.33754,0,1.4661,-1.3603,0
0.38212,-0.31901,0,1.5321,-1.2856,0
0.39739,-0.29974,0,1.5943,-1.2076,0
0.41171,-0.27976,0,1.6525,-1.1266,0
0.425,-0.25913,0,1.7066,-1.0429,0
0.43726,-0.23785,0,1.7564,-0.95651,0
0.44847,-0.21596,0,1.8019,-0.86777,0
0.45862,-0.1935,0,1.843,-0.77687,0
0.46765,-0.17053,0,1.8794,-0.68404,0
0.47554,-0.14705,0,1.9111,-0.58951,0
0.48229,-0.12313,0,1.9382,-0.49351,0
0.48786,-0.09878,0,1.9603,-0.39629,0
0.49221,-0.074141,0,1.9777,-0.29808,0
0.49532,-0.049405,0,1.9901,-0.19914,0
0.49717,-0.024593,0,1.9975,-0.099692,0
-0.63253,-0.64473,0,-0.77163,-0.78641,0
0.73393,-0.54568,0,0.87309,-0.64903,0
0.87184,-0.22935,0,1.0674,-0.28085,0
0.37366,0.83687,0,0.44263,0.99122,0
-0.84428,-0.35858,0,-0.99848,-0.42408,0
0.11576,0.91193,0,0.13637,1.0737,0
-0.335,0.85351,0,-0.39643,1.0101,0
0.53779,-0.74421,0,0.63483,-0.87822,0
-0.91169,-0.094847,0,-1.0797,-0.11228,0
-0.41226,-0.8185,0,-0.48848,-0.96973,0
0.91648,0.049827,0,1.0825,0.058899,0
0.29378,-0.87326,0,0.34449,-1.0235,0
-0.90669,0.18406,0,-1.0539,0.21405,0
0.61343,0.68991,0,0.71601,0.80533,0
-0.76002,0.51523,0,-0.89691,0.60814,0
0.85585,0.3111,0,1.0268,0.37335,0
-0.066305,-0.91589,0,-0.078206,-1.0808,0
-0.5731,0.71674,0,-0.67707,0.84679,0
-0.077207,0.51448,0,-0.28512,1.8916,0
0.42218,0.30482,0,1.5498,1.1175,0
-0.4359,-0.28293,0,-1.6058,-1.0427,0
0.4775,-0.21122,0,1.7425,-0.7711,0
0.079382,-0.5146,0,0.28957,-1.8892,0
-0.1538,-0.49794,0,-0.56432,-1.8244,0
-0.48406,0.19042,0,-1.7808,0.6989,0
0.51691,-0.060915,0,1.8991,-0.22414,0
-0.3109,-0.41035,0,-1.1665,-1.5416,0
0.15257,0.4955,0,0.5638,1.8348,0
-0.49699,-0.14263,0,-1.8502,-0.53089,0
0.37053,-0.35827,0,1.3855,-1.3446,0
-0.25061,0.46028,0,-0.9086,1.6677,0
0.26921,0.44121,0,1.0021,1.644,0
0.24939,-0.4566,0,0.91491,-1.6801,0
-0.51515,0.015005,0,-1.9304,0.053394,0
0.51232,0.091385,0,1.883,0.33426,0
-0.39273,0.34699,0,-1.4237,1.2566,0
0.02613,0.51828,0,0.09523,1.9153,0
0.46907,0.21199,0,1.7626,0.79416,0
0.3534,0.38078,0,1.3029,1.4038,0
-0.025967,-0.52058,0,-0.096548,-1.9069,0
-0.15408,0.4965,0,-0.56836,1.8282,0
-0.31397,0.41472,0,-1.1551,1.5249,0
0.17758,-0.48766,0,0.65417,-1.8025,0
-0.5121,0.090953,0,-1.884,0.33219,0
0.52089,0.013668,0,1.9095,0.049119,0
0.42274,-0.30418,0,1.5493,-1.1174,0
-0.37349,-0.36276,0,-1.3702,-1.3323,0
-0.24984,-0.45759,0,-0.91476,-1.6759,0
-0.43299,0.28442,0,-1.6063,1.0536,0
0.31269,-0.41283,0,1.1579,-1.5339,0
-0.51506,-0.064446,0,-1.9028,-0.23937,0
-0.47544,-0.21497,0,-1.7378,-0.78555,0
0.50038,-0.14275,0,1.8392,-0.52452,0
0.73302,0.56351,0,0.85301,0.65579,0
-0.84399,0.36465,0,-0.99342,0.42929,0
-0.25101,-0.88332,0,-0.29617,-1.0424,0
0.11395,-0.90989,0,0.13492,-1.0767,0
-0.07772,0.91153,0,-0.092263,1.0836,0
0.82742,-0.39573,0,0.97864,-0.46803,0
-0.75436,-0.52061,0,-0.89355,-0.61664,0
-0.025576,0.51958,0,-0.095356,1.9106,0
0.44946,0.2611,0,1.6561,0.96015,0
0.39001,0.34481,0,1.4323,1.2655,0
-0.077217,-0.51446,0,-0.28512,-1.8916,0
0.028303,-0.51959,0,0.10233,-1.9098,0
0.31585,0.41481,0,1.1559,1.5187,0
0.078071,0.51281,0,0.28752,1.8967,0
0.49377,0.16895,0,1.8049,0.61561,0
0.20288,0.47773,0,0.74857,1.7652,0
0.45052,-0.25974,0,1.6567,-0.95651,0
-0.50075,0.14125,0,-1.8411,0.51731,0
-0.19689,-0.47905,0,-0.73084,-1.7772,0
-0.46151,0.23576,0,-1.7107,0.87233,0
0.12922,-0.50347,0,0.47406,-1.8549,0
-0.40763,-0.32449,0,-1.4937,-1.19,0
-0.3488,0.3814,0,-1.2999,1.4202,0
-0.19636,0.47774,0,-0.73324,1.7818,0
-0.50729,0.76552,0,-0.59846,0.90316,0
-0.50513,0.68523,0,-0.69335,0.94066,0
-0.5589,0.63983,0,-0.77029,0.8819,0
-0.49418,0.61828,0,-0.78469,0.98184,0
-0.44137,0.6629,0,-0.69227,1.0398,0
-0.53929,0.57553,0,-0.86239,0.92047,0
-0.4825,0.56071,0,-0.87714,1.0194,0
-0.51954,0.5208,0,-0.95503,0.95744,0
-0.46928,0.511,0,-0.96986,1.0561,0
-0.49973,0.47403,0,-1.0478,0.994,0
-0.43365,0.54373,0,-0.8919,1.1183,0
-0.4253,0.49881,0,-0.98469,1.1548,0
-0.39166,0.52568,0,-0.90676,1.2169,0
-0.54992,0.47663,0,-1.0329,0.89542,0
-0.52441,0.43404,0,-1.1257,0.93187,0
-0.57143,0.42912,0,-1.1131,0.83606,0
-0.54277,0.39221,0,-1.2041,0.87017,0
-0.587,0.38146,0,-1.1915,0.77443,0
-0.55528,0.34998,0,-1.2821,0.80818,0
-0.59763,0.33456,0,-1.2673,0.70961,0
-0.56249,0.30842,0,-1.3598,0.74559,0
-0.60072,0.28891,0,-1.3448,0.64693,0
-0.48023,0.43385,0,-1.1406,1.0305,0
-0.51545,0.36028,0,-1.2966,0.90623,0
-0.56446,0.26831,0,-1.4376,0.68327,0
-0.5982,0.24579,0,-1.4227,0.58465,0
-0.6394,0.26347,0,-1.3299,0.54822,0
-0.63138,0.21788,0,-1.4078,0.48602,0
-0.67737,0.23143,0,-1.315,0.4496,0
-0.66292,0.18423,0,-1.393,0.38743,0
-0.61916,0.17656,0,-1.4858,0.42385,0
-0.64482,0.14246,0,-1.4709,0.32526,0
-0.69156,0.14475,0,-1.3781,0.28884,0
-0.66714,0.10368,0,-1.456,0.22667,0
-0.7159,0.099696,0,-1.3632,0.19024,0
-0.68499,0.060679,0,-1.4412,0.12807,0
-0.64124,0.068621,0,-1.534,0.1645,0
-0.6538,0.028208,0,-1.5191,0.065902,0
-0.69735,0.014229,0,-1.4263,0.029479,0
-0.66125,-0.014506,0,-1.5043,-0.032692,0
-0.70195,-0.03466,0,-1.4142,-0.069533,0
-0.66284,-0.058528,0,-1.4899,-0.13135,0
-0.70062,-0.08448,0,-1.4001,-0.16864,0
-0.65863,-0.10274,0,-1.4752,-0.23004,0
-0.6939,-0.13399,0,-1.3826,-0.26691,0
-0.64881,-0.14601,0,-1.4599,-0.3286,0
-0.67851,-0.18104,0,-1.3691,-0.36533,0
-0.63324,-0.1871,0,-1.4452,-0.42716,0
-0.6575,-0.22513,0,-1.3545,-0.46389,0
-0.61284,-0.22516,0,-1.4304,-0.52574,0
-0.63218,-0.26562,0,-1.3376,-0.56216,0
-0.58852,-0.25951,0,-1.4152,-0.62428,0
-0.60206,-0.30076,0,-1.3224,-0.66069,0
-0.56099,-0.28953,0,-1.4002,-0.72285,0
-0.56899,-0.33042,0,-1.3074,-0.75927,0
-0.61914,-0.11643,0,-1.5526,-0.2921,0
-0.62677,-0.037641,0,-1.5823,-0.094875,0
-0.61232,-0.34718,0,-1.2295,-0.6971,0
-0.57308,-0.37547,0,-1.2146,-0.79569,0
-0.53426,-0.35461,0,-1.2925,-0.85786,0
-0.53298,-0.39737,0,-1.1997,-0.89428,0
-0.56959,-0.42373,0,-1.1244,-0.83632,0
-0.5258,-0.4426,0,-1.1075,-0.93201,0
-0.49311,-0.41337,0,-1.1849,-0.99309,0
-0.48225,-0.45477,0,-1.0921,-1.0295,0
-0.5137,-0.49009,0,-1.0141,-0.96712,0
-0.46572,-0.49692,0,-0.99921,-1.0658,0
-0.4405,-0.46143,0,-1.0772,-1.1279,0
-0.42124,-0.49847,0,-0.98433,-1.1643,0
-0.4428,-0.53865,0,-0.90638,-1.1021,0
-0.39655,-0.5343,0,-0.8915,-1.2007,0
-0.41331,-0.57863,0,-0.81355,-1.1386,0
-0.36644,-0.5678,0,-0.79868,-1.2371,0
-0.35502,-0.52639,0,-0.87663,-1.2993,0
-0.32514,-0.55426,0,-0.78381,-1.3357,0
-0.33123,-0.5978,0,-0.70586,-1.2736,0
-0.2913,-0.57859,0,-0.69099,-1.3722,0
-0.29159,-0.6232,0,-0.61304,-1.31,0
-0.25416,-0.59859,0,-0.59817,-1.4086,0
-0.24757,-0.64425,0,-0.51723,-1.3459,0
-0.21445,-0.61381,0,-0.50485,-1.4449,0
-0.20116,-0.65788,0,-0.42295,-1.3833,0
-0.17329,-0.62357,0,-0.41171,-1.4815,0
-0.15661,-0.66422,0,-0.33458,-1.4192,0
-0.13218,-0.62779,0,-0.31957,-1.5178,0
-0.11058,-0.66367,0,-0.24301,-1.4589,0
-0.091514,-0.62666,0,-0.22708,-1.5548,0
-0.066259,-0.65851,0,-0.15046,-1.4959,0
-0.052388,-0.62087,0,-0.13435,-1.5914,0
-0.023996,-0.64979,0,-0.056422,-1.5293,0
-0.037589,-0.69858,0,-0.076279,-1.4203,0
0.0096247,-0.67914,0,0.020895,-1.4648,0
0.014845,-0.63554,0,0.036552,-1.5648,0
0.050119,-0.65844,0,0.11447,-1.5025,0
-0.5728,-0.22317,0,-1.508,-0.58785,0
0.050215,-0.70425,0,0.10042,-1.4057,0
0.09049,-0.67827,0,0.19247,-1.4413,0
0.085544,-0.63492,0,0.20741,-1.5392,0
0.12541,-0.64939,0,0.28538,-1.4771,0
0.13631,-0.69511,0,0.27054,-1.3784,0
0.16935,-0.65978,0,0.36335,-1.4148,0
0.15465,-0.61882,0,0.37823,-1.5134,0
0.19611,-0.624,0,0.45618,-1.4512,0
0.21679,-0.66487,0,0.4413,-1.3526,0
0.2399,-0.62409,0,0.53413,-1.389,0
0.26688,-0.66366,0,0.51925,-1.2904,0
0.28513,-0.61838,0,0.61207,-1.3268,0
0.25725,-0.58492,0,0.62695,-1.4254,0
0.29774,-0.57595,0,0.70489,-1.3633,0
0.33066,-0.60636,0,0.69001,-1.2647,0
0.33777,-0.56155,0,0.78284,-1.3011,0
0.37479,-0.5878,0,0.76766,-1.2032,0
0.37617,-0.54173,0,0.86073,-1.239,0
0.41703,-0.56264,0,0.8463,-1.141,0
0.41201,-0.51675,0,0.93878,-1.1769,0
0.45571,-0.53172,0,0.92483,-1.0784,0
0.44428,-0.48724,0,1.0168,-1.1146,0
0.48935,-0.49651,0,1.002,-1.016,0
0.47215,-0.45412,0,1.0946,-1.0524,0
0.51734,-0.45721,0,1.0798,-0.95377,0
0.49508,-0.41822,0,1.1726,-0.99018,0
0.5392,-0.41543,0,1.1577,-0.89158,0
0.51284,-0.38064,0,1.2505,-0.928,0
0.55485,-0.3725,0,1.2356,-0.8294,0
0.52543,-0.34242,0,1.3284,-0.86581,0
0.56453,-0.3297,0,1.3136,-0.76722,0
0.59845,-0.35885,0,1.2224,-0.73291,0
0.60517,-0.31162,0,1.299,-0.66898,0
0.56872,-0.28806,0,1.3916,-0.7051,0
0.60507,-0.26645,0,1.3767,-0.60652,0
0.64568,-0.28595,0,1.2878,-0.57048,0
0.64113,-0.23889,0,1.3623,-0.50785,0
0.59988,-0.22428,0,1.4547,-0.54428,0
0.63057,-0.19503,0,1.4398,-0.44568,0
0.67744,-0.20656,0,1.3435,-0.40988,0
0.65938,-0.1606,0,1.4243,-0.34719,0
0.6163,-0.15558,0,1.5176,-0.38351,0
0.6392,-0.12107,0,1.5027,-0.28492,0
0.68447,-0.12055,0,1.4098,-0.24851,0
0.65844,-0.082356,0,1.4879,-0.18631,0
0.70508,-0.075705,0,1.395,-0.1499,0
0.67313,-0.040036,0,1.473,-0.087718,0
0.63156,-0.049981,0,1.5658,-0.12413,0
0.64144,-0.010512,0,1.5509,-0.025534,0
0.68237,0.0050965,0,1.4581,0.010874,0
0.64636,0.030755,0,1.5361,0.073058,0
0.68612,0.05196,0,1.442,0.10927,0
0.64602,0.072876,0,1.521,0.17162,0
0.68288,0.099397,0,1.4268,0.20782,0
0.64013,0.11481,0,1.506,0.2702,0
0.67299,0.14595,0,1.412,0.30642,0
0.62884,0.15546,0,1.4911,0.36879,0
0.65696,0.19033,0,1.3971,0.40502,0
0.6126,0.19388,0,1.4762,0.46738,0
0.63499,0.23111,0,1.3834,0.50379,0
0.59193,0.22915,0,1.4617,0.56601,0
0.6089,0.26787,0,1.3688,0.60242,0
0.56782,0.2608,0,1.4468,0.66461,0
0.57943,0.29991,0,1.3539,0.70101,0
0.62341,0.31197,0,1.276,0.63883,0
0.58783,0.34361,0,1.2611,0.73742,0
0.54761,0.32694,0,1.3391,0.79961,0
0.55047,0.36919,0,1.2462,0.83601,0
0.34094,-0.52077,0,0.87565,-1.3375,0
0.4047,-0.47603,0,1.0315,-1.2131,0
0.72084,0.13184,0,1.3355,0.24446,0
0.51446,0.34895,0,1.3242,0.8982,0
0.51252,0.38897,0,1.2314,0.9346,0
0.54856,0.41485,0,1.1534,0.87242,0
0.50575,0.43131,0,1.1385,0.97101,0
0.54078,0.46335,0,1.0606,0.90882,0
0.49331,0.47525,0,1.0457,1.0074,0
0.46436,0.44206,0,1.1236,1.0696,0
0.44851,0.48127,0,1.0308,1.106,0
0.47446,0.51978,0,0.95288,1.0438,0
0.42697,0.5201,0,0.93799,1.1424,0
0.44867,0.5636,0,0.86006,1.0802,0
0.39953,0.55737,0,0.84517,1.1788,0
0.38378,0.51605,0,0.92311,1.241,0
0.35576,0.54747,0,0.83028,1.2774,0
0.36628,0.5918,0,0.75235,1.2152,0
0.32311,0.5758,0,0.73746,1.3138,0
0.32798,0.62118,0,0.6614,1.2522,0
0.28644,0.59991,0,0.64495,1.3503,0
0.28449,0.64656,0,0.56739,1.289,0
0.24639,0.61928,0,0.55198,1.3868,0
0.23744,0.66566,0,0.47313,1.3257,0
0.20406,0.63318,0,0.45889,1.4233,0
0.18941,0.67693,0,0.3816,1.3628,0
0.16076,0.64116,0,0.36624,1.4598,0
0.1407,0.68186,0,0.28902,1.3994,0
0.11752,0.64342,0,0.27348,1.4962,0
0.092756,0.68109,0,0.19556,1.4341,0
0.075377,0.64035,0,0.18056,1.5324,0
0.04689,0.67345,0,0.10261,1.4701,0
0.035285,0.63225,0,0.087703,1.5687,0
0.0041793,0.66039,0,0.0097581,1.5065,0
0.28555,0.55824,0,0.72262,1.4124,0
0.21412,0.59242,0,0.53693,1.4852,0
0.13697,0.60766,0,0.35128,1.558,0
0.012233,0.70644,0,0.024644,1.4079,0
-0.032568,0.68733,0,-0.068186,1.4443,0
-0.034697,0.643,0,-0.083074,1.5428,0
-0.072309,0.6641,0,-0.16101,1.4807,0
-0.069356,0.62232,0,-0.1759,1.5792,0
-0.10681,0.638,0,-0.25384,1.5171,0
-0.11499,0.68204,0,-0.23895,1.4185,0
-0.14831,0.65007,0,-0.33178,1.4549,0
-0.1626,0.69557,0,-0.31689,1.3563,0
-0.19349,0.6575,0,-0.40972,1.3927,0
-0.17575,0.61719,0,-0.4246,1.4913,0
-0.21791,0.61963,0,-0.50254,1.4291,0
-0.24166,0.65923,0,-0.48765,1.3305,0
-0.2619,0.6167,0,-0.58048,1.3669,0
-0.23675,0.58282,0,-0.59537,1.4655,0
0.47401,-0.38456,0,1.2654,-1.0266,0
-0.12604,-0.71247,0,-0.23947,-1.3542,0
0.61228,0.051349,0,1.614,0.13524,0
-0.27652,0.57639,0,-0.67331,1.4033,0
0.58974,0.16291,0,1.5676,0.43304,0
-0.60386,0.13964,0,-1.5637,0.36168,0
0.63424,0.36182,0,1.1832,0.67524,0
0.50566,-0.54444,0,0.91146,-0.9807,0
-0.72865,-0.16923,0,-1.2958,-0.30088,0
0.59938,-0.12055,0,1.5956,-0.32132,0
-0.38686,0.48521,0,-0.99956,1.2534,0
-0.35535,0.50734,0,-0.92164,1.3155,0
-0.40142,-0.46361,0,-1.0623,-1.2265,0
0.4251,0.44795,0,1.1088,1.1682,0
0.36941,-0.63908,0,0.67487,-1.1668,0
0.17871,-0.58772,0,0.47105,-1.5498,0
0.37537,0.64022,0,0.6781,1.1562,0
0.34487,0.50875,0,0.90822,1.3396,0
-0.64038,0.37363,0,-1.1589,0.67634,0
-0.099678,0.59931,0,-0.26873,1.6156,0
-0.61483,0.038948,0,-1.6119,0.10232,0
-0.58076,0.16939,0,-1.5786,0.46028,0
-0.22223,-0.57435,0,-0.58322,-1.5071,0
-0.14899,-0.59237,0,-0.3975,-1.58,0
0.22382,0.71313,0,0.3988,1.2699,0
0.48091,0.36616,0,1.3093,0.99679,0
0.68359,0.2345,0,1.302,0.44694,0
0.60458,-0.022697,0,1.6438,-0.061942,0
-0.74348,-0.0032236,0,-1.3383,-0.0054703,0
0.26984,-0.54785,0,0.71977,-1.4618,0
-0.31798,-0.51594,0,-0.86176,-1.3979,0
-0.28776,-0.67519,0,-0.5316,-1.2472,0
0.061316,0.60381,0,0.16564,1.6308,0
-0.53103,0.28594,0,-1.4524,0.78185,0
0.14219,-0.5826,0,0.39311,-1.612,0
0.73022,0.024082,0,1.3611,0.044942,0
0.57015,-0.45566,0,1.0648,-0.85058,0
0.026026,0.59562,0,0.072804,1.6672,0
-0.25086,0.54762,0,-0.6882,1.5019,0
-0.12448,0.73262,0,-0.22406,1.3199,0
0.55398,0.22607,0,1.5396,0.6282,0
-0.46617,-0.5854,0,-0.82842,-1.04,0
-0.69087,-0.27035,0,-1.2489,-0.48876,0
-0.4178,-0.43054,0,-1.1551,-1.1901,0
0.73629,-0.1185,0,1.3171,-0.21209,0
-0.21539,0.5522,0,-0.61026,1.5641,0
-0.43054,-0.63018,0,-0.73561,-1.0764,0
0.11242,0.7316,0,0.20439,1.3284,0
0.53166,0.25349,0,1.5247,0.72679,0
0.57856,-0.15067,0,1.6105,-0.41991,0
-0.30671,0.60782,0,-0.65837,1.3047,0
-0.17967,0.74786,0,-0.302,1.2577,0
-0.066538,0.58549,0,-0.19079,1.6778,0
-0.53229,0.25045,0,-1.5304,0.71966,0
-0.075909,-0.59231,0,-0.21205,-1.6529,0
0.56412,-0.11937,0,1.6884,-0.35772,0
0.24168,-0.71123,0,0.42643,-1.254,0
-0.3832,-0.43311,0,-1.1402,-1.2887,0
-0.041262,-0.58613,0,-0.11925,-1.6894,0
0.48284,0.3308,0,1.4021,0.96039,0
-0.56769,0.13656,0,-1.6565,0.39811,0
0.5033,0.5647,0,0.87494,0.98164,0
-0.74533,0.14617,0,-1.2853,0.25241,0
0.16392,-0.55532,0,0.48593,-1.6484,0
-0.35317,0.47088,0,-1.0144,1.352,0
-0.32382,0.48916,0,-0.93652,1.4141,0
-0.38032,0.4492,0,-1.0924,1.2898,0
-0.61178,0.47413,0,-1.0159,0.78746,0
0.67308,0.32469,0,1.1988,0.57859,0
0.68813,0.38171,0,1.1054,0.61338,0
-0.6867,0.28394,0,-1.2371,0.51177,0
0.59005,0.44444,0,1.0755,0.81023,0
-0.73055,0.24679,0,-1.2222,0.41317,0
0.581,0.50053,0,0.98265,0.84664,0
-0.77183,0.093255,0,-1.2704,0.15382,0
0.29944,-0.70808,0,0.50437,-1.1918,0
0.4721,0.61369,0,0.7834,1.0182,0
0.75803,-0.066253,0,1.3025,-0.11388,0
-0.029373,0.73814,0,-0.053298,1.3457,0
0.020446,0.75659,0,0.03576,1.314,0
-0.60722,0.58703,0,-0.84675,0.81873,0
0.43859,0.41317,0,1.2016,1.1318,0
0.59445,-0.057426,0,1.6587,-0.16054,0
0.57129,-0.03224,0,1.7366,-0.098351,0
0.57806,0.00019499,0,1.7217,0.0002442,0
-0.34354,-0.4901,0,-0.95458,-1.3615,0
-0.3102,-0.48203,0,-0.93971,-1.4601,0
-0.28506,-0.50379,0,-0.84689,-1.4965,0
0.3687,0.48007,0,1.0011,1.3032,0
0.33396,0.47472,0,0.98617,1.4018,0
0.31003,0.49914,0,0.89334,1.4382,0
0.23367,-0.55452,0,0.64182,-1.524,0
0.24599,-0.52192,0,0.73465,-1.5604,0
0.27854,-0.51314,0,0.8126,-1.4983,0
-0.6024,0.074363,0,-1.6268,0.20092,0
-0.57983,0.047251,0,-1.7048,0.13875,0
-0.58858,0.013999,0,-1.6899,0.04015,0
0.35446,0.44855,0,1.0789,1.3652,0
-0.39387,0.57119,0,-0.81399,1.1804,0
0.40391,0.41885,0,1.1867,1.2304,0
-0.49139,-0.6404,0,-0.75048,-0.97779,0
-0.5252,-0.58644,0,-0.84329,-0.94137,0
0.050026,0.57111,0,0.15118,1.7289,0
0.082921,0.57574,0,0.24365,1.6929,0
0.79616,-0.11424,0,1.2244,-0.17574,0
0.76536,-0.16933,0,1.2392,-0.27426,0
0.45349,0.34596,0,1.3867,1.0575,0
-0.5679,0.078365,0,-1.7192,0.23682,0
-0.09378,0.5655,0,-0.28428,1.7126,0
-0.12582,0.5749,0,-0.36167,1.6518,0
-0.11717,0.54384,0,-0.37723,1.7486,0
-0.1479,0.54971,0,-0.45454,1.6881,0
-0.13564,0.79132,0,-0.20918,1.2213,0
-0.54729,0.16313,0,-1.6695,0.49699,0
-0.20374,0.80833,0,-0.29154,1.1571,0
-0.24026,0.7558,0,-0.37993,1.1955,0
-0.54864,0.054255,0,-1.7961,0.17668,0
0.81927,-0.052206,0,1.2094,-0.07709,0
0.21365,-0.52757,0,0.65543,-1.6208,0
0.22339,-0.4991,0,0.74226,-1.6618,0
0.73285,0.33731,0,1.1201,0.51575,0
-0.50322,0.26735,0,-1.5422,0.81871,0
-0.49856,0.29943,0,-1.4668,0.88049,0
-0.55594,0.19517,0,-1.5931,0.55892,0
0.41566,0.38843,0,1.2776,1.1936,0
-0.31627,0.56475,0,-0.75117,1.3411,0
-0.22902,0.52218,0,-0.70129,1.5982,0
-0.26106,0.51456,0,-0.78063,1.5379,0
-0.19709,0.52543,0,-0.62318,1.6603,0
0.13131,-0.5513,0,0.40609,-1.7082,0
0.10816,-0.57415,0,0.31484,-1.6738,0
-0.025559,0.79555,0,-0.039928,1.2492,0
-0.45184,-0.69317,0,-0.65673,-1.0073,0
-0.38841,-0.67175,0,-0.642,-1.11,0
0.63737,0.47658,0,1.001,0.74856,0
0.75132,0.3991,0,1.0326,0.54865,0
0.018794,0.56398,0,0.058357,1.7623,0
-0.006794,0.58416,0,-0.019952,1.703,0
-0.062901,-0.5617,0,-0.19646,-1.7497,0
-0.095258,-0.56416,0,-0.28998,-1.715,0
-0.3332,-0.45889,0,-1.0311,-1.4201,0
0.52125,0.22299,0,1.6137,0.68981,0
0.53887,0.19583,0,1.6312,0.59237,0
0.49887,0.24682,0,1.6025,0.79207,0
0.50724,0.27741,0,1.5098,0.82539,0
-0.50527,0.23823,0,-1.6113,0.7589,0
-0.3974,-0.4045,0,-1.2297,-1.2517,0
-0.4299,-0.3976,0,-1.2473,-1.1536,0
-0.36608,-0.40545,0,-1.2205,-1.3523,0
-0.30238,-0.45291,0,-1.0147,-1.5202,0
0.56243,-0.063485,0,1.7473,-0.19757,0
-0.74153,0.30789,0,-1.1442,0.47534,0
-0.79085,0.26042,0,-1.1348,0.37391,0
0.035768,0.81687,0,0.053431,1.2156,0
0.54647,-0.14536,0,1.7005,-0.45281,0
0.55588,-0.17698,0,1.6249,-0.51792,0
0.53433,-0.11697,0,1.7774,-0.38944,0
-0.065324,0.55519,0,-0.20844,1.7679,0
0.62486,0.53701,0,0.91559,0.78695,0
-0.32436,0.4575,0,-1.0265,1.447,0
-0.29718,0.47317,0,-0.9476,1.5079,0
0.52155,-0.16526,0,1.7336,-0.54973,0
0.53095,-0.19895,0,1.6427,-0.61614,0
0.86614,-0.10661,0,1.1315,-0.13927,0
0.27197,-0.76103,0,0.41455,-1.1592,0
0.33926,-0.75814,0,0.4895,-1.0933,0
0.20932,-0.75577,0,0.3389,-1.2226,0
-0.40311,-0.37224,0,-1.332,-1.2304,0
-0.43731,-0.36535,0,-1.3397,-1.1193,0
-0.52654,0.18745,0,-1.6772,0.59619,0
-0.51842,-0.70593,0,-0.67253,-0.91562,0
0.50138,-0.19142,0,1.7318,-0.66151,0
0.53969,-0.040875,0,1.8337,-0.13932,0
0.30389,0.46754,0,0.97221,1.496,0
0.28008,0.48913,0,0.87697,1.5319,0
0.53159,0.61539,0,0.79964,0.92566,0
0.49693,0.6746,0,0.70419,0.95586,0
-0.42517,0.80131,0,-0.51404,0.96891,0
-0.34757,0.77548,0,-0.47868,1.0682,0
-0.53138,0.13301,0,-1.7621,0.4399,0
-0.4756,0.27992,0,-1.5542,0.91391,0
-0.4693,0.30959,0,-1.4775,0.9741,0
-0.24101,0.49161,0,-0.80056,1.632,0
-0.80398,0.14506,0,-1.1983,0.21649,0
-0.8347,0.084297,0,-1.1798,0.1194,0
0.098637,-0.53914,0,0.32567,-1.7861,0
0.077067,-0.56256,0,0.2372,-1.7363,0
-0.4023,0.72299,0,-0.58458,1.0507,0
-0.33705,0.70364,0,-0.55082,1.15,0
-0.032362,-0.55374,0,-0.1054,-1.791,0
-0.0087143,-0.57634,0,-0.026562,-1.7262,0
-0.0041743,-0.54553,0,-0.014902,-1.8241,0
0.02046,-0.56512,0,0.063038,-1.7586,0
-0.010972,0.54785,0,-0.036999,1.8156,0
0.45217,0.31025,0,1.4962,1.0258,0
0.50638,-0.21917,0,1.6542,-0.7166,0
0.5355,-0.23263,0,1.5623,-0.67929,0
0.50813,-0.25015,0,1.5752,-0.77616,0
-0.15156,0.85933,0,-0.19789,1.1226,0
0.90753,0.13637,0,1.0721,0.16117,0
0.84581,0.085139,0,1.1644,0.1173,0
0.83145,0.159,0,1.1542,0.22087,0
-0.80525,0.44037,0,-0.9511,0.52024,0
-0.7254,0.44442,0,-0.99705,0.61101,0
-0.68099,0.49829,0,-0.95136,0.69624,0
-0.33333,-0.85521,0,-0.39369,-1.0101,0
-0.27107,-0.80367,0,-0.37488,-1.1115,0
-0.20224,-0.81839,0,-0.28311,-1.1457,0
-0.22242,-0.75454,0,-0.35759,-1.2133,0
-0.33752,-0.77526,0,-0.46971,-1.0788,0
0.025849,-0.91814,0,0.030559,-1.0829,0
-0.015783,-0.85015,0,-0.021604,-1.1699,0
-0.090613,-0.84132,0,-0.12579,-1.169,0
-0.051586,-0.7904,0,-0.081681,-1.2535,0
0.01288,-0.79189,0,0.020584,-1.2562,0
-0.10851,-0.7741,0,-0.17659,-1.2606,0
0.60673,-0.68869,0,0.71673,-0.8133,0
0.52993,-0.66485,0,0.72953,-0.91481,0
0.46892,-0.70467,0,0.65137,-0.97833,0
0.58608,-0.616,0,0.80665,-0.84745,0
0.46882,-0.63925,0,0.74252,-1.0118,0
-0.91881,-0.0061198,0,-1.0829,-0.0071312,0
-0.85032,-0.050434,0,-1.1659,-0.068988,0
-0.84323,-0.12477,0,-1.1546,-0.17069,0
-0.79196,-0.085769,0,-1.2418,-0.1343,0
0.45379,0.7971,0,0.53669,0.94261,0
0.38079,0.75955,0,0.5248,1.0465,0
0.31501,0.79051,0,0.43289,1.0859,0
0.32446,0.72839,0,0.50781,1.1396,0
0.20565,-0.89671,0,0.24185,-1.0542,0
0.151,-0.84046,0,0.2062,-1.1467,0
0.064698,-0.84191,0,0.090427,-1.1748,0
0.10602,-0.7857,0,0.16804,-1.2437,0
0.19622,0.89254,0,0.23386,1.0633,0
0.14395,0.83783,0,0.1983,1.1533,0
0.20701,0.8228,0,0.28621,1.137,0
0.026066,0.90889,0,0.031435,1.0938,0
-0.87108,-0.27647,0,-1.0378,-0.32937,0
-0.79776,-0.29417,0,-1.0979,-0.40481,0
-0.76717,-0.36257,0,-1.0601,-0.50096,0
-0.81651,-0.23293,0,-1.1268,-0.32143,0
-0.74863,-0.24797,0,-1.1977,-0.3967,0
-0.69939,-0.58843,0,-0.83311,-0.7009,0
-0.67593,-0.51344,0,-0.93338,-0.70891,0
-0.71689,-0.46019,0,-0.98282,-0.63088,0
-0.62599,-0.56124,0,-0.88114,-0.78984,0
-0.6136,-0.49907,0,-0.97596,-0.79365,0
0.78573,-0.47241,0,0.93009,-0.55914,0
0.74867,-0.40075,0,1.0328,-0.55277,0
0.77913,-0.33334,0,1.0792,-0.46174,0
0.70693,-0.45966,0,0.98904,-0.64295,0
0.6639,-0.52168,0,0.92647,-0.72774,0
0.68137,-0.39661,0,1.0905,-0.63465,0
0.63604,-0.44721,0,1.0467,-0.73565,0
0.88745,0.21969,0,1.0564,0.2616,0
0.81164,0.23229,0,1.1328,0.32437,0
0.67281,-0.61509,0,0.80566,-0.73635,0
-0.29814,0.44239,0,-1.0429,1.5466,0
0.46535,-0.79048,0,0.55043,-0.93472,0
-0.6916,0.58125,0,-0.8431,0.70865,0
-0.15713,-0.89037,0,-0.19123,-1.0839,0
0.68036,0.6314,0,0.78555,0.72904,0
0.783,0.10844,0,1.2467,0.1728,0
0.78458,0.050014,0,1.263,0.080597,0
0.38086,0.39187,0,1.2689,1.3053,0
-0.2376,0.8825,0,-0.28299,1.0511,0
0.071342,0.54182,0,0.23704,1.8052,0
0.10061,0.54843,0,0.32152,1.7552,0
0.27924,0.86454,0,0.33667,1.0421,0
-0.888,-0.19315,0,-1.07,-0.23269,0
0.15046,-0.52474,0,0.50124,-1.7526,0
0.50907,0.19449,0,1.7061,0.65073,0
0.37704,-0.82856,0,0.45287,-0.99485,0
0.85645,-0.31689,0,1.0219,-0.37811,0
0.79469,-0.2675,0,1.1244,-0.37856,0
0.73352,-0.28856,0,1.1744,-0.46206,0
-0.79767,-0.43983,0,-0.95663,-0.52747,0
-0.053641,-0.53324,0,-0.18685,-1.8475,0
0.15586,0.77642,0,0.24747,1.2316,0
-0.86718,0.27668,0,-1.0413,0.33237,0
-0.65936,0.43584,0,-1.0499,0.69423,0
0.52258,0.16851,0,1.7253,0.55538,0
0.50464,0.14026,0,1.8313,0.50718,0
0.53679,0.14092,0,1.7346,0.45457,0
0.77067,0.47773,0,0.93254,0.57815,0
-0.073541,-0.73628,0,-0.13353,-1.3381,0
-0.75548,0.3735,0,-1.0581,0.52327,0
0.099766,0.79572,0,0.15453,1.2309,0
0.73782,-0.22392,0,1.2346,-0.37479,0
-0.56177,-0.53566,0,-0.92776,-0.88441,0
-0.13688,0.52157,0,-0.4692,1.7851,0
-0.10622,0.51307,0,-0.38612,1.8598,0
0.91235,-0.038129,0,1.0887,-0.045481,0
0.5308,0.73821,0,0.6388,0.88836,0
0.76671,0.17674,0,1.2321,0.28424,0
0.78224,0.29314,0,1.1151,0.41808,0
0.74251,0.2339,0,1.2189,0.38422,0
0.52102,0.11758,0,1.8179,0.40893,0
0.55084,0.11329,0,1.7335,0.35587,0
-0.39903,-0.74058,0,-0.56104,-1.0411,0
-0.63932,0.6569,0,-0.75705,0.77788,0
0.73251,0.078872,0,1.3427,0.14471,0
0.70724,0.18535,0,1.3163,0.34522,0
0.44296,0.71948,0,0.6173,1.0025,0
-0.081767,0.83152,0,-0.11636,1.1849,0
0.6956,0.44326,0,1.017,0.64822,0
-0.76976,0.20041,0,-1.2103,0.31541,0
-0.6928,0.34104,0,-1.1558,0.56919,0
0.56234,0.55804,0,0.89123,0.88445,0
0.35789,-0.69534,0,0.58253,-1.1311,0
-0.78817,0.036972,0,-1.2596,0.059394,0
0.59183,0.39189,0,1.1683,0.77383,0
-0.078663,0.76684,0,-0.13149,1.2838,0
0.54056,-0.50171,0,0.98888,-0.91725,0
0.058393,0.71828,0,0.11212,1.3759,0
0.52588,0.51363,0,0.968,0.94546,0
0.41576,0.60397,0,0.76934,1.1174,0
-0.65063,-0.31236,0,-1.2427,-0.59666,0
-0.6622,-0.36174,0,-1.1571,-0.63211,0
-0.704,-0.3277,0,-1.1616,-0.54072,0
-0.62134,-0.40368,0,-1.126,-0.73143,0
0.58741,-0.40774,0,1.1428,-0.79299,0
0.72001,-0.027072,0,1.3799,-0.051913,0
-0.55512,-0.64569,0,-0.76175,-0.8859,0
-0.71296,0.19229,0,-1.3006,0.35114,0
0.65463,0.27536,0,1.2911,0.54337,0
-0.33557,-0.64798,0,-0.6272,-1.2108,0
-0.33811,-0.70679,0,-0.54812,-1.1456,0
-0.28154,-0.73333,0,-0.45403,-1.1825,0
-0.23703,-0.69454,0,-0.43793,-1.2832,0
0.18758,-0.70565,0,0.35035,-1.3169,0
-0.643,0.3141,0,-1.249,0.61034,0
0.71015,-0.16627,0,1.3281,-0.31112,0
-0.49558,-0.53901,0,-0.91985,-1.0001,0
-0.075401,0.71185,0,-0.14617,1.3821,0
0.63983,0.41747,0,1.0904,0.71164,0
0.65148,-0.34198,0,1.1969,-0.6283,0
-0.21465,0.7033,0,-0.39482,1.2941,0
-0.27019,0.7039,0,-0.47276,1.2319,0
-0.29309,0.65545,0,-0.5656,1.265,0
-0.34479,0.64234,0,-0.64541,1.2024,0
0.0088961,-0.72907,0,0.016849,-1.3646,0
0.31824,-0.65515,0,0.59719,-1.2286,0
-0.73366,0.050117,0,-1.3498,0.09259,0
-0.37757,-0.61565,0,-0.72048,-1.1744,0
-0.57674,0.52692,0,-0.94011,0.85903,0
-0.53128,-0.31498,0,-1.3853,-0.82144,0
-0.52497,-0.27872,0,-1.4782,-0.78502,0
-0.49817,-0.30076,0,-1.4633,-0.88361,0
-0.49319,-0.26845,0,-1.5559,-0.84716,0
-0.51618,-0.24589,0,-1.5708,-0.74856,0
-0.46452,-0.28527,0,-1.5549,-0.95516,0
-0.47046,-0.31899,0,-1.4484,-0.98221,0
-0.47005,-0.25804,0,-1.6264,-0.89298,0
0.5331,-0.30451,0,1.4064,-0.80364,0
0.49879,-0.31648,0,1.4213,-0.90223,0
0.049945,-0.61737,0,0.12946,-1.6013,0
-0.28654,0.53872,0,-0.76596,1.4396,0
-0.49893,-0.37355,0,-1.2777,-0.95649,0
0.56817,-0.24839,0,1.4695,-0.64287,0
-0.1979,0.58434,0,-0.51743,1.5277,0
-0.2889,-0.53902,0,-0.76894,-1.4343,0
-0.25715,-0.52281,0,-0.75407,-1.5329,0
-0.25527,-0.48987,0,-0.83276,-1.5981,0
-0.23008,-0.508,0,-0.73646,-1.6258,0
0.54103,0.28836,0,1.4319,0.7632,0
-0.015495,-0.61105,0,-0.041411,-1.6274,0
-0.27918,-0.47173,0,-0.9248,-1.5628,0
-0.27329,-0.4441,0,-1,-1.6259,0
0.47497,0.40343,0,1.2165,1.0332,0
-0.59124,0.20585,0,-1.5006,0.52246,0
-0.41543,0.45934,0,-1.0775,1.1912,0
-0.40466,0.42459,0,-1.1703,1.2277,0
-0.37373,0.41826,0,-1.1821,1.3224,0
-0.39345,0.39392,0,-1.2632,1.2641,0
-0.42575,0.39762,0,-1.2483,1.1655,0
-0.41133,0.36885,0,-1.3411,1.2019,0
-0.44328,0.3689,0,-1.3262,1.1033,0
-0.42612,0.34249,0,-1.4191,1.1397,0
-0.46135,0.39911,0,-1.2334,1.0669,0
-0.0020163,0.61991,0,-0.0051208,1.6049,0
0.6173,-0.086859,0,1.5807,-0.22272,0
-0.38051,-0.49586,0,-0.96945,-1.2629,0
-0.4546,-0.42421,0,-1.17,-1.0915,0
-0.13619,0.61016,0,-0.34669,1.5534,0
0.4069,0.48254,0,1.0159,1.2046,0
0.21729,-0.58869,0,0.549,-1.4876,0
0.59079,-0.18563,0,1.5325,-0.48199,0
-0.62432,0.10595,0,-1.5489,0.26309,0
0.11618,-0.60939,0,0.30029,-1.5756,0
0.61064,0.013804,0,1.6289,0.03665,0
0.31702,0.53508,0,0.81541,1.376,0
0.30588,-0.53662,0,0.79771,-1.3997,0
-0.62313,0.0013672,0,-1.5971,0.0037272,0
0.25374,-0.48596,0,0.83899,-1.6099,0
0.28412,-0.48086,0,0.90542,-1.5347,0
-0.5572,0.024137,0,-1.7827,0.076575,0
-0.56363,-0.0077651,0,-1.7656,-0.024796,0
0.60969,0.088636,0,1.5984,0.23231,0
0.5824,0.068404,0,1.6856,0.19767,0
0.37415,-0.50044,0,0.9536,-1.2754,0
0.3699,-0.46351,0,1.0464,-1.3117,0
0.39599,-0.43995,0,1.1244,-1.2495,0
0.36465,-0.43072,0,1.1386,-1.3464,0
0.3396,-0.45125,0,1.0588,-1.4085,0
0.38636,-0.40908,0,1.2135,-1.2862,0
0.41894,-0.41384,0,1.2017,-1.1874,0
0.40648,-0.38435,0,1.2916,-1.2225,0
0.35794,-0.40287,0,1.2251,-1.3818,0
-0.62542,-0.077213,0,-1.5676,-0.1935,0
-0.59075,-0.091705,0,-1.6453,-0.25564,0
-0.58298,-0.12654,0,-1.6305,-0.35423,0
-0.55876,-0.10308,0,-1.7229,-0.3183,0
-0.56381,-0.070962,0,-1.7381,-0.2192,0
-0.55092,-0.13425,0,-1.7053,-0.41603,0
-0.57135,-0.16003,0,-1.6151,-0.45276,0
-0.53901,-0.16419,0,-1.6895,-0.51505,0
-0.53089,-0.11097,0,-1.7965,-0.37609,0
0.54831,-0.01077,0,1.8145,-0.036164,0
0.55191,0.022244,0,1.8005,0.071985,0
0.52999,0.040206,0,1.8672,0.14069,0
0.251,0.57752,0,0.62984,1.4489,0
0.22065,0.55527,0,0.61486,1.5474,0
0.18678,0.5666,0,0.52204,1.5838,0
0.19507,0.53413,0,0.6,1.6436,0
0.22496,0.522,0,0.69256,1.6075,0
0.16356,0.54231,0,0.50687,1.6818,0
-0.18598,-0.58567,0,-0.49022,-1.5436,0
-0.195,-0.55106,0,-0.56809,-1.605,0
0.60203,0.12641,0,1.5831,0.33239,0
-0.3504,0.4396,0,-1.1034,1.3836,0
-0.34487,0.41078,0,-1.1932,1.4204,0
0.32439,0.44344,0,1.069,1.4616,0
0.1758,0.60249,0,0.4441,1.5216,0
0.43184,-0.4481,0,1.1094,-1.151,0
0.57357,0.19597,0,1.5534,0.53071,0
-0.11205,-0.59448,0,-0.30483,-1.6165,0
-0.60802,-0.15438,0,-1.5376,-0.39064,0
0.098539,0.60796,0,0.2585,1.5945,0
-0.55012,-0.25281,0,-1.493,-0.68642,0
0.48856,-0.35068,0,1.3433,-0.96441,0
0.45421,-0.35529,0,1.3582,-1.063,0
-0.52553,0.3228,0,-1.3745,0.84415,0
-0.45506,0.4679,0,-1.0627,1.0926,0
-0.43976,0.59631,0,-0.79686,1.0806,0
0.28307,0.52132,0,0.80027,1.4738,0
-0.50034,-0.33588,0,-1.3705,-0.92004,0
0.31051,-0.50041,0,0.89054,-1.4361,0
-0.59362,-0.020869,0,-1.6747,-0.058906,0
-0.25678,-0.55867,0,-0.6761,-1.4707,0
-0.4907,0.33293,0,-1.3885,0.94181,0
0.11717,0.57677,0,0.33641,1.6566,0
0.018389,-0.59779,0,0.05091,-1.663,0
0.51244,0.31168,0,1.417,0.86179,0
-0.036053,0.60406,0,-0.097949,1.6413,0
-0.16072,0.58149,0,-0.43951,1.5898,0
0.45506,-0.41735,0,1.1873,-1.0888,0
-0.46379,-0.38776,0,-1.2625,-1.0554,0
-0.562,0.2304,0,-1.5155,0.62107,0
0.081056,-0.5966,0,0.22227,-1.6377,0
0.56352,-0.21112,0,1.5478,-0.58041,0
0.58098,-0.089903,0,1.6728,-0.25924,0
-0.59238,-0.19021,0,-1.5227,-0.48923,0
0.38839,0.44985,0,1.0939,1.2668,0
0.19815,-0.55702,0,0.56366,-1.5859,0
-0.58649,0.10701,0,-1.6416,0.29943,0
-0.36549,-0.46237,0,-1.0472,-1.3245,0
0.44785,0.37908,0,1.294,1.0951,0
0.58136,0.035386,0,1.7056,0.10349,0
-0.44041,0.43039,0,-1.1555,1.1291,0
-0.16186,-0.55921,0,-0.47548,-1.6421,0
-0.17254,-0.52689,0,-0.55895,-1.7059,0
-0.14241,-0.53103,0,-0.46933,-1.7483,0
-0.12588,-0.50608,0,-0.46153,-1.8518,0
-0.10726,-0.53248,0,-0.36247,-1.796,0
-0.18464,-0.50073,0,-0.64557,-1.7496,0
-0.46888,-0.35253,0,-1.3554,-1.019,0
0.46664,-0.32498,0,1.4348,-0.99999,0
0.47587,-0.2953,0,1.5085,-0.93692,0
0.43692,-0.32953,0,1.4504,-1.0954,0
-0.22704,-0.53893,0,-0.66083,-1.5684,0
-0.53097,0.21828,0,-1.603,0.65837,0
0.25301,0.54009,0,0.70763,1.5105,0
-0.55596,-0.19147,0,-1.6,-0.55141,0
-0.52313,-0.19144,0,-1.6774,-0.61417,0
0.54979,-0.092158,0,1.7607,-0.29551,0
0.51771,-0.08981,0,1.8664,-0.32393,0
0.37128,0.42113,0,1.1718,1.329,0
0.18217,-0.52991,0,0.5764,-1.6797,0
0.34124,-0.48397,0,0.96806,-1.3736,0
-0.59427,-0.056206,0,-1.6602,-0.15712,0
-0.55317,0.10737,0,-1.7332,0.33572,0
-0.35147,-0.43156,0,-1.129,-1.3865,0
-0.18085,0.55292,0,-0.53202,1.6258,0
-0.03684,0.56947,0,-0.11285,1.74,0
0.48142,0.29771,0,1.4949,0.92398,0
-0.12793,-0.5622,0,-0.38326,-1.683,0
0.15204,0.57381,0,0.42917,1.6201,0
0.049308,-0.58144,0,0.14369,-1.6992,0
-0.50037,0.39762,0,-1.2186,0.96839,0
0.53643,-0.26774,0,1.484,-0.74119,0
0.43843,-0.38517,0,1.2803,-1.1252,0
-0.16633,0.52409,0,-0.54802,1.725,0
-0.18315,0.50109,0,-0.64101,1.7518,0
-0.53727,-0.22018,0,-1.5855,-0.65009,0
0.41972,0.35393,0,1.3853,1.1677,0
0.50492,-0.28272,0,1.4992,-0.84005,0
0.42329,-0.35682,0,1.3731,-1.1589,0
0.4061,-0.32875,0,1.4784,-1.2,0
0.31218,-0.46789,0,0.98112,-1.4724,0
0.2895,-0.45262,0,0.99652,-1.5615,0
-0.56552,-0.038607,0,-1.7521,-0.12003,0
-0.53956,-0.02474,0,-1.841,-0.085497,0
0.25326,0.50651,0,0.78555,1.5715,0
0.25164,0.47834,0,0.85664,1.6294,0
0.13166,0.54733,0,0.41298,1.7185,0
0.11648,0.52456,0,0.40065,1.8079,0
-0.47805,0.36632,0,-1.3113,1.0046,0
-0.45751,0.3393,0,-1.4033,1.0402,0
-0.43807,-0.33096,0,-1.4456,-1.0924,0
0.47771,-0.26267,0,1.5983,-0.87974,0
0.045201,-0.54598,0,0.14888,-1.8103,0
-0.50526,-0.21695,0,-1.6626,-0.71412,0
-0.48906,-0.18819,0,-1.7724,-0.68184,0
-0.43791,0.31425,0,-1.5004,1.0757,0
0.83261,-0.16715,0,1.1485,-0.23058,0
-0.39305,0.62287,0,-0.72083,1.1424,0
-0.35156,0.59276,0,-0.73644,1.2416,0
-0.35502,0.54784,0,-0.82888,1.2789,0
-0.32165,0.52526,0,-0.84379,1.3775,0
-0.29303,0.50407,0,-0.85801,1.4753,0
-0.26796,0.48332,0,-0.87355,1.5747,0
-0.91107,0.089672,0,-1.0816,0.10658,0
-0.22813,-0.47647,0,-0.81375,-1.6995,0
-0.48695,-0.23972,0,-1.6445,-0.80975,0
0.47619,0.26718,0,1.5895,0.89082,0
0.34163,0.42098,0,1.1563,1.4249,0
0.52001,-0.015716,0,1.9123,-0.058553,0
0.8261,0.40036,0,0.97526,0.47274,0
0.29344,0.43594,0,1.0569,1.5712,0
0.22628,0.49268,0,0.76554,1.668,0
0.40522,-0.74037,0,0.56617,-1.0339,0
-0.74057,-0.11487,0,-1.3121,-0.20339,0
0.7716,-0.010325,0,1.2892,-0.017242,0
0.71271,-0.34521,0,1.1305,-0.54756,0
0.097712,-0.72742,0,0.1807,-1.3436,0
-0.16404,-0.76251,0,-0.26823,-1.2472,0
-0.40871,0.32116,0,-1.5061,1.182,0
-0.53629,-0.082339,0,-1.8135,-0.27917,0
-0.53781,0.081356,0,-1.8088,0.27232,0
-0.51846,0.060518,0,-1.8937,0.21862,0
0.038513,0.54166,0,0.12923,1.8278,0
0.68695,-0.25813,0,1.2688,-0.47692,0
-0.50995,-0.16528,0,-1.766,-0.57255,0
0.84559,0.014823,0,1.1761,0.020668,0
-0.20297,-0.52091,0,-0.64651,-1.6588,0
0.5989,-0.50641,0,0.96873,-0.81871,0
0.40547,0.32367,0,1.4994,1.1957,0
0.37135,0.36231,0,1.3729,1.3391,0
-0.050963,0.5162,0,-0.18982,1.9092,0
0.43638,0.28335,0,1.6047,1.0402,0
0.00036576,0.51891,0,-2.4538e-09,1.9178,0
0.4675,0.2378,0,1.6917,0.85866,0
0.05402,-0.51781,0,0.19657,-1.9014,0
-0.3691,0.36503,0,-1.3636,1.3473,0
-0.22186,0.47137,0,-0.8141,1.7283,0
0.46172,-0.23649,0,1.7066,-0.87491,0
-0.4729,0.21275,0,-1.7507,0.786,0
-0.42134,-0.30272,0,-1.5571,-1.1195,0
-0.49164,0.16529,0,-1.819,0.60967,0
0.10448,-0.5097,0,0.38219,-1.8741,0
0.052216,0.51708,0,0.19113,1.9052,0
0.43588,-0.28101,0,1.6113,-1.0409,0
-0.45243,0.26323,0,-1.6439,0.95507,0
-0.39103,-0.34409,0,-1.4335,-1.2627,0
0.17794,0.48761,0,0.65625,1.8014,0
-0.50568,0.11604,0,-1.8697,0.42675,0
0.15348,-0.49569,0,0.56528,-1.8326,0
-0.2721,0.43978,0,-1.0129,1.6363,0
0.22717,-0.46972,0,0.82852,-1.7182,0
0.20208,-0.47968,0,0.74036,-1.7629,0
-0.33549,-0.40309,0,-1.2133,-1.4591,0
-0.3547,-0.38069,0,-1.303,-1.4,0
0.51749,0.062568,0,1.8957,0.22782,0
0.53519,0.078726,0,1.8204,0.26681,0
0.41725,-0.61475,0,0.75237,-1.1078,0
0.52028,-0.59989,0,0.82116,-0.94621,0
0.49121,-0.16684,0,1.8163,-0.61672,0
0.55471,0.16726,0,1.6445,0.49551,0
0.50753,-0.11822,0,1.8601,-0.43323,0
0.23,-0.81848,0,0.31677,-1.1265,0
0.0022222,-0.51976,0,0.0065902,-1.9147,0
-0.27492,0.80818,0,-0.37521,1.1032,0
-0.47541,-0.77068,0,-0.57709,-0.93528,0
0.15115,-0.74359,0,0.26145,-1.2849,0
0.46463,-0.58185,0,0.83407,-1.0438,0
0.56266,-0.55618,0,0.89452,-0.88372,0
-0.78448,-0.14914,0,-1.2242,-0.23262,0
0.41275,-0.67388,0,0.65791,-1.0734,0
-0.56487,-0.47352,0,-1.0345,-0.86699,0
-0.53958,-0.053306,0,-1.8271,-0.18138,0
0.42995,0.65847,0,0.69168,1.0591,0
0.17325,0.51385,0,0.58564,1.739,0
0.14357,0.52065,0,0.48906,1.7763,0
0.55114,0.055791,0,1.7875,0.18029,0
0.60609,0.61035,0,0.81481,0.82056,0
-0.51111,-0.090819,0,-1.8879,-0.33622,0
0.20002,0.50471,0,0.67476,1.7041,0
-0.18459,-0.70754,0,-0.34346,-1.3167,0
-0.65152,-0.45569,0,-1.0255,-0.71718,0
0.2782,0.69625,0,0.49251,1.232,0
-0.51724,-0.037932,0,-1.9141,-0.14219,0
0.48181,0.1897,0,1.789,0.70213,0
-0.29226,-0.42771,0,-1.0833,-1.5868,0
0.3344,0.39695,0,1.235,1.4663,0
0.43089,0.32812,0,1.4617,1.1123,0
0.57875,0.10185,0,1.6679,0.29324,0
-0.024076,0.85291,0,-0.032737,1.1654,0
-0.83371,0.20372,0,-1.1259,0.27531,0
0.055382,-0.75586,0,0.096146,-1.3094,0
-0.10134,-0.50571,0,-0.38029,-1.8918,0
0.5685,0.1363,0,1.6554,0.39659,0
0.38108,0.69609,0,0.60209,1.0995,0
0.31401,-0.43879,0,1.0719,-1.5011,0
-0.088726,0.53709,0,-0.29862,1.8036,0
-0.50075,0.20897,0,-1.6927,0.7052,0
0.44919,-0.30248,0,1.5228,-1.0269,0
0.33374,-0.396,0,1.236,-1.4716,0
-0.042622,0.53996,0,-0.14532,1.8315,0
0.17034,0.7221,0,0.3081,1.305,0
-0.51677,0.16221,0,-1.7529,0.54891,0
0.51525,-0.038442,0,1.921,-0.1439,0
-0.079216,-0.54125,0,-0.26417,-1.8,0
0.22603,0.46611,0,0.8373,1.7289,0
-0.41588,-0.3479,0,-1.4071,-1.1776,0
-0.50575,-0.11771,0,-1.8669,-0.43481,0
0.39467,-0.35873,0,1.3791,-1.2563,0
-0.44632,-0.30556,0,-1.5175,-1.0392,0
0.39562,0.36874,0,1.3458,1.2539,0
0.26863,0.74989,0,0.42138,1.1757,0
-0.84977,0.021367,0,-1.17,0.029607,0
0.70878,0.283,0,1.2105,0.48359,0
-0.70939,-0.21772,0,-1.2819,-0.39343,0
0.33716,-0.42217,0,1.1481,-1.4405,0
0.32871,0.67172,0,0.58488,1.1947,0
-0.46166,-0.23447,0,-1.7134,-0.8701,0
-0.38381,0.67112,0,-0.63878,1.1171,0
-0.53162,0.032242,0,-1.8652,0.11141,0
-0.51646,-0.012238,0,-1.9261,-0.048035,0
0.12686,0.50151,0,0.47062,1.8652,0
0.19486,-0.50544,0,0.65947,-1.7146,0
0.61683,-0.5627,0,0.88041,-0.80279,0
-0.7941,-0.024246,0,-1.2518,-0.037969,0
-0.69446,0.39377,0,-1.0839,0.61481,0
-0.58952,-0.70878,0,-0.69027,-0.82993,0
0.63087,-0.39112,0,1.1389,-0.70594,0
0.29123,-0.42736,0,1.0813,-1.592,0
0.4862,-0.23563,0,1.6565,-0.80353,0
-0.29505,0.74998,0,-0.45182,1.1487,0
0.35184,-0.3777,0,1.3116,-1.4131,0
-0.74415,-0.058709,0,-1.3289,-0.1046,0
-0.41847,0.3013,0,-1.567,1.1266,0
-0.21155,0.49829,0,-0.7189,1.6921,0
-0.63276,0.53322,0,-0.91927,0.77479,0
0.24764,0.45291,0,0.92401,1.6919,0
-0.12727,0.49946,0,-0.47795,1.8709,0
0.4593,0.2842,0,1.5668,0.96842,0
-0.52238,-0.13913,0,-1.7791,-0.47424,0
0.12113,-0.52661,0,0.41152,-1.795,0
0.071019,-0.53665,0,0.24001,-1.8226,0
-0.47975,0.25429,0,-1.6196,0.85744,0
0.47929,-0.18672,0,1.8026,-0.70205,0
0.90908,-0.15855,0,1.0623,-0.18533,0
-0.5277,0.1075,0,-1.8105,0.36732,0
0.014557,0.53815,0,0.049164,1.8477,0
-0.37945,-0.38534,0,-1.2906,-1.3113,0
0.68875,0.50695,0,0.93668,0.68955,0
-0.71124,-0.37541,0,-1.0941,-0.57749,0
-0.084278,-0.694,0,-0.17146,-1.4129,0
-0.53783,0.003071,0,-1.8506,0.0092469,0
-0.61482,0.41633,0,-1.1093,0.75135,0
0.37734,-0.38301,0,1.2975,-1.3197,0
0.084894,0.85401,0,0.11481,1.1534,0
0.10231,0.50691,0,0.37953,1.8865,0
0.27008,-0.44141,0,1.0015,-1.6419,0
0.68634,-0.30417,0,1.2113,-0.5369,0
-0.32259,-0.43171,0,-1.1051,-1.4796,0
0.49251,0.2187,0,1.6881,0.74827,0
0.30631,-0.80783,0,0.40844,-1.0767,0
-0.67854,-0.4116,0,-1.0719,-0.65017,0
-0.14398,-0.81623,0,-0.20845,-1.1822,0
0.21261,0.76451,0,0.33612,1.2078,0
-0.16296,0.92397,0,-0.18412,1.0442,0
-0.05074,-0.51101,0,-0.19296,-1.9284,0
0.53796,-0.07003,0,1.8193,-0.23713,0
-0.48721,-0.16312,0,-1.8368,-0.61458,0
-0.57616,-0.59066,0,-0.84201,-0.86303,0
0.35582,0.40316,0,1.2243,1.3872,0
-0.79619,0.31954,0,-1.0761,0.43206,0
-0.60429,-0.45112,0,-1.0573,-0.78912,0
0.5226,-0.13845,0,1.7793,-0.4717,0
0.2775,0.46303,0,0.94713,1.5812,0
0.019257,-0.54031,0,0.064474,-1.8396,0
-0.32645,0.43323,0,-1.1042,1.4645,0
-0.32953,0.39367,0,-1.2447,1.4859,0
0.5004,0.11459,0,1.8903,0.4308,0
0.7995,-0.2116,0,1.1628,-0.30781,0
-0.76933,-0.19989,0,-1.2116,-0.31474,0
-0.44539,-0.26189,0,-1.6599,-0.9762,0
-0.74306,-0.29617,0,-1.1555,-0.46055,0
0.25995,0.8028,0,0.36333,1.1215,0
-0.86089,0.13354,0,-1.1283,0.17524,0
0.17107,-0.50859,0,0.5898,-1.7582,0
0.26951,-0.46352,0,0.93146,-1.6056,0
0.45717,-0.27995,0,1.5817,-0.96993,0
-0.37038,0.3923,0,-1.2664,1.3405,0
-0.28848,0.42327,0,-1.0945,1.6053,0
0.78721,0.34816,0,1.0569,0.46763,0
0.38449,-0.33803,0,1.4573,-1.2861,0
-0.030785,-0.74861,0,-0.054416,-1.3269,0
0.1704,-0.78936,0,0.26019,-1.2043,0
-0.45994,0.72166,0,-0.62476,0.98032,0
0.09417,0.52711,0,0.32603,1.8295,0
0.55281,0.66751,0,0.73208,0.88389,0
-0.82794,-0.17845,0,-1.1484,-0.24743,0
-0.38955,0.37212,0,-1.3359,1.2754,0
-0.27642,0.46178,0,-0.9502,1.5863,0
-0.1749,-0.48146,0,-0.66407,-1.8259,0
0.51005,0.038602,0,1.9403,0.14541,0
-0.20846,-0.49859,0,-0.71057,-1.6992,0
-0.5029,0.18259,0,-1.7485,0.63342,0
-0.065245,0.5319,0,-0.22694,1.8432,0
-0.51029,0.038526,0,-1.9394,0.1431,0
-0.74163,-0.41146,0,-1.0258,-0.56909,0
-0.48413,0.23015,0,-1.677,0.79597,0
0.55689,0.085287,0,1.7463,0.26686,0
-0.45501,0.29028,0,-1.5548,0.99092,0
-0.17466,0.48128,0,-0.66403,1.8269,0
0.92276,-0.098705,0,1.0663,-0.11405,0
0.53416,0.098972,0,1.8015,0.33277,0
0.05966,-0.7941,0,0.093801,-1.246,0
0.67473,0.56612,0,0.86509,0.72589,0
0.064677,0.76085,0,0.11059,1.2982,0
