"f_42-4",":0",":1",":2"
1,1,0,0
1,-0.5,0.86603,0
1,-0.5,-0.86603,0
1.099,2,0,0
1.099,-1,1.7321,0
1.099,-1,-1.7321,0
1,0.99503,0.099568,0
1,0.98017,0.19815,0
1,0.95557,0.29476,0
1,0.92148,0.38843,0
1,0.87822,0.47825,0
1,0.82624,0.56332,0
1,0.76604,0.64279,0
1,0.69824,0.71587,0
1,0.62349,0.78183,0
1,0.54255,0.84003,0
1,0.45621,0.88987,0
1,0.36534,0.93087,0
1,0.27084,0.96262,0
1,0.17365,0.98481,0
1,0.07473,0.9972,0
1,-0.024931,0.99969,0
1,-0.12434,0.99224,0
1,-0.22252,0.97493,0
1,-0.31849,0.94793,0
1,-0.41129,0.91151,0
1,-0.58374,0.81194,0
1,-0.66169,0.74978,0
1,-0.73305,0.68017,0
1,-0.79713,0.6038,0
1,-0.85329,0.52144,0
1,-0.90097,0.43388,0
1,-0.93969,0.34202,0
1,-0.96908,0.24676,0
1,-0.98883,0.14904,0
1,-0.99876,0.049846,0
1,-0.99876,-0.049846,0
1,-0.98883,-0.14904,0
1,-0.96908,-0.24676,0
1,-0.93969,-0.34202,0
1,-0.90097,-0.43388,0
1,-0.85329,-0.52144,0
1,-0.79713,-0.6038,0
1,-0.73305,-0.68017,0
1,-0.66169,-0.74978,0
1,-0.58374,-0.81194,0
1,-0.41129,-0.91151,0
1,-0.31849,-0.94793,0
1,-0.22252,-0.97493,0
1,-0.12434,-0.99224,0
1,-0.024931,-0.99969,0
1,0.07473,-0.9972,0
1,0.17365,-0.98481,0
1,0.27084,-0.96262,0
1,0.36534,-0.93087,0
1,0.45621,-0.88987,0
1,0.54255,-0.84003,0
1,0.62349,-0.78183,0
1,0.69824,-0.71587,0
1,0.76604,-0.64279,0
1,0.82624,-0.56332,0
1,0.87822,-0.47825,0
1,0.92148,-0.38843,0
1,0.95557,-0.29476,0
1,0.98017,-0.19815,0
1,0.99503,-0.099568,0
1.099,1.9975,0.099692,0
1.099,1.9901,0.19914,0
1.099,1.9777,0.29808,0
1.099,1.9603,0.39629,0
1.099,1.9382,0.49351,0
1.099,1.9111,0.58951,0
1.099,1.8794,0.68404,0
1.099,1.843,0.77687,0
1.099,1.8019,0.86777,0
1.099,1.7564,0.95651,0
1.099,1.7066,1.0429,0
1.099,1.6525,1.1266,0
1.099,1.5943,1.2076,0
1.099,1.5321,1.2856,0
1.099,1.4661,1.3603,0
1.099,1.3965,1.4317,0
1.099,1.3234,1.4996,0
1.099,1.247,1.5637,0
1.099,1.1675,1.6239,0
1.099,1.0851,1.6801,0
1.099,1,1.7321,0
1.099,0.91242,1.7797,0
1.099,0.82257,1.823,0
1.099,0.73068,1.8617,0
1.099,0.63697,1.8959,0
1.099,0.54168,1.9252,0
1.099,0.44504,1.9499,0
1.099,0.3473,1.9696,0
1.099,0.24869,1.9845,0
1.099,0.14946,1.9944,0
1.099,0.049861,1.9994,0
1.099,-0.049861,1.9994,0
1.099,-0.14946,1.9944,0
1.099,-0.24869,1.9845,0
1.099,-0.3473,1.9696,0
1.099,-0.44504,1.9499,0
1.099,-0.54168,1.9252,0
1.099,-0.63697,1.8959,0
1.099,-0.73068,1.8617,0
1.099,-0.82257,1.823,0
1.099,-0.91242,1.7797,0
1.099,-1.0851,1.6801,0
1.099,-1.1675,1.6239,0
1.099,-1.247,1.5637,0
1.099,-1.3234,1.4996,0
1.099,-1.3965,1.4317,0
1.099,-1.4661,1.3603,0
1.099,-1.5321,1.2856,0
1.099,-1.5943,1.2076,0
1.099,-1.6525,1.1266,0
1.099,-1.7066,1.0429,0
1.099,-1.7564,0.95651,0
1.099,-1.8019,0.86777,0
1.099,-1.843,0.77687,0
1.099,-1.8794,0.68404,0
1.099,-1.9111,0.58951,0
1.099,-1.9382,0.49351,0
1.099,-1.9603,0.39629,0
1.099,-1.9777,0.29808,0
1.099,-1.9901,0.19914,0
1.099,-1.9975,0.099692,0
1.099,-2,-5.8974e-09,0
1.099,-1.9975,-0.099692,0
1.099,-1.9901,-0.19914,0
1.099,-1.9777,-0.29808,0
1.099,-1.9603,-0.39629,0
1.099,-1.9382,-0.49351,0
1.099,-1.9111,-0.58951,0
1.099,-1.8794,-0.68404,0
1.099,-1.843,-0.77687,0
1.099,-1.8019,-0.86777,0
1.099,-1.7564,-0.95651,0
1.099,-1.7066,-1.0429,0
1.099,-1.6525,-1.1266,0
1.099,-1.5943,-1.2076,0
1.099,-1.5321,-1.2856,0
1.099,-1.4661,-1.3603,0
1.099,-1.3965,-1.4317,0
1.099,-1.3234,-1.4996,0
1.099,-1.247,-1.5637,0
1.099,-1.1675,-1.6239,0
1.099,-1.0851,-1.6801,0
1.099,-0.91242,-1.7797,0
1.099,-0.82257,-1.823,0
1.099,-0.73068,-1.8617,0
1.099,-0.63697,-1.8959,0
1.099,-0.54168,-1.9252,0
1.099,-0.44504,-1.9499,0
1.099,-0.3473,-1.9696,0
1.099,-0.24869,-1.9845,0
1.099,-0.14946,-1.9944,0
1.099,-0.049861,-1.9994,0
1.099,0.049861,-1.9994,0
1.099,0.14946,-1.9944,0
1.099,0.24869,-1.9845,0
1.099,0.3473,-1.9696,0
1.099,0.44504,-1.9499,0
1.099,0.54168,-1.9252,0
1.099,0.63697,-1.8959,0
1.099,0.73068,-1.8617,0
1.099,0.82257,-1.823,0
1.099,0.91242,-1.7797,0
1.099,1,-1.7321,0
1.099,1.0851,-1.6801,0
1.099,1.1675,-1.6239,0
1.099,1.247,-1.5637,0
1.099,1.3234,-1.4996,0
1.099,1.3965,-1.4317,0
1.099,1.4661,-1.3603,0
1.099,1.5321,-1.2856,0
1.099,1.5943,-1.2076,0
1.099,1.6525,-1.1266,0
1.099,1.7066,-1.0429,0
1.099,1.7564,-0.95651,0
1.099,1.8019,-0.86777,0
1.099,1.843,-0.77687,0
1.099,1.8794,-0.68404,0
1.099,1.9111,-0.58951,0
1.099,1.9382,-0.49351,0
1.099,1.9603,-0.39629,0
1.099,1.9777,-0.29808,0
1.099,1.9901,-0.19914,0
1.099,1.9975,-0.099692,0
1.0101,-0.77163,-0.78641,0
1.0088,0.87309,-0.64903,0
1.0103,1.0674,-0.28085,0
1.0086,0.44263,0.99122,0
1.0085,-0.99848,-0.42408,0
1.0082,0.13637,1.0737,0
1.0085,-0.39643,1.0101,0
1.0084,0.63483,-0.87822,0
1.0086,-1.0797,-0.11228,0
1.0086,-0.48848,-0.96973,0
1.0084,1.0825,0.058899,0
1.008,0.34449,-1.0235,0
1.0075,-1.0539,0.21405,0
1.0078,0.71601,0.80533,0
1.0083,-0.89691,0.60814,0
1.0092,1.0268,0.37335,0
1.0083,-0.078206,-1.0808,0
1.0084,-0.67707,0.84679,0
1.0906,-0.28512,1.8916,0
1.0904,1.5498,1.1175,0
1.0908,-1.6058,-1.0427,0
1.0899,1.7425,-0.7711,0
1.0905,0.28957,-1.8892,0
1.0903,-0.56432,-1.8244,0
1.0906,-1.7808,0.6989,0
1.0906,1.8991,-0.22414,0
1.0926,-1.1665,-1.5416,0
1.0913,0.5638,1.8348,0
1.0918,-1.8502,-0.53089,0
1.0923,1.3855,-1.3446,0
1.0893,-0.9086,1.6677,0
1.0918,1.0021,1.644,0
1.0906,0.91491,-1.6801,0
1.0924,-1.9304,0.053394,0
1.0906,1.883,0.33426,0
1.0893,-1.4237,1.2566,0
1.0911,0.09523,1.9153,0
1.0926,1.7626,0.79416,0
1.0908,1.3029,1.4038,0
1.0903,-0.096548,-1.9069,0
1.0908,-0.56836,1.8282,0
1.0907,-1.1551,1.5249,0
1.0911,0.65417,-1.8025,0
1.0906,-1.884,0.33219,0
1.0904,1.9095,0.049119,0
1.0904,1.5493,-1.1174,0
1.0904,-1.3702,-1.3323,0
1.0903,-0.91476,-1.6759,0
1.0914,-1.6063,1.0536,0
1.0915,1.1579,-1.5339,0
1.0911,-1.9028,-0.23937,0
1.09,-1.7378,-0.78555,0
1.0906,1.8392,-0.52452,0
1.0076,0.85301,0.65579,0
1.0082,-0.99342,0.42929,0
1.0084,-0.29617,-1.0424,0
1.0085,0.13492,-1.0767,0
1.0088,-0.092263,1.0836,0
1.0085,0.97864,-0.46803,0
1.0085,-0.89355,-0.61664,0
1.0906,-0.095356,1.9106,0
1.0907,1.6561,0.96015,0
1.0905,1.4323,1.2655,0
1.0906,-0.28512,-1.8916,0
1.0906,0.10233,-1.9098,0
1.0902,1.1559,1.5187,0
1.0911,0.28752,1.8967,0
1.0901,1.8049,0.61561,0
1.091,0.74857,1.7652,0
1.0906,1.6567,-0.95651,0
1.0906,-1.8411,0.51731,0
1.0915,-0.73084,-1.7772,0
1.0913,-1.7107,0.87233,0
1.0908,0.47406,-1.8549,0
1.0903,-1.4937,-1.19,0
1.0918,-1.2999,1.4202,0
1.092,-0.73324,1.7818,0
1.0083,-0.59846,0.90316,0
1.0168,-0.69335,0.94066,0
1.0171,-0.77029,0.8819,0
1.0257,-0.78469,0.98184,0
1.0249,-0.69227,1.0398,0
1.0261,-0.86239,0.92047,0
1.0345,-0.87714,1.0194,0
1.0352,-0.95503,0.95744,0
1.0434,-0.96986,1.0561,0
1.0444,-1.0478,0.994,0
1.043,-0.8919,1.1183,0
1.0517,-0.98469,1.1548,0
1.0517,-0.90676,1.2169,0
1.0367,-1.0329,0.89542,0
1.0461,-1.1257,0.93187,0
1.0392,-1.1131,0.83606,0
1.0485,-1.2041,0.87017,0
1.042,-1.1915,0.77443,0
1.0515,-1.2821,0.80818,0
1.0452,-1.2673,0.70961,0
1.055,-1.3598,0.74559,0
1.0492,-1.3448,0.64693,0
1.0537,-1.1406,1.0305,0
1.0581,-1.2966,0.90623,0
1.059,-1.4376,0.68327,0
1.0537,-1.4227,0.58465,0
1.0438,-1.3299,0.54822,0
1.0489,-1.4078,0.48602,0
1.0389,-1.315,0.4496,0
1.0446,-1.393,0.38743,0
1.0544,-1.4858,0.42385,0
1.0506,-1.4709,0.32526,0
1.0408,-1.3781,0.28884,0
1.0473,-1.456,0.22667,0
1.0377,-1.3632,0.19024,0
1.0447,-1.4412,0.12807,0
1.0542,-1.534,0.1645,0
1.052,-1.5191,0.065902,0
1.0427,-1.4263,0.029479,0
1.0504,-1.5043,-0.032692,0
1.0416,-1.4142,-0.069533,0
1.0495,-1.4899,-0.13135,0
1.041,-1.4001,-0.16864,0
1.0492,-1.4752,-0.23004,0
1.0407,-1.3826,-0.26691,0
1.0495,-1.4599,-0.3286,0
1.0416,-1.3691,-0.36533,0
1.0505,-1.4452,-0.42716,0
1.043,-1.3545,-0.46389,0
1.0522,-1.4304,-0.52574,0
1.0449,-1.3376,-0.56216,0
1.0545,-1.4152,-0.62428,0
1.0476,-1.3224,-0.66069,0
1.0574,-1.4002,-0.72285,0
1.051,-1.3074,-0.75927,0
1.0578,-1.5526,-0.2921,0
1.0584,-1.5823,-0.094875,0
1.0411,-1.2295,-0.6971,0
1.045,-1.2146,-0.79569,0
1.0549,-1.2925,-0.85786,0
1.0495,-1.1997,-0.89428,0
1.04,-1.1244,-0.83632,0
1.0446,-1.1075,-0.93201,0
1.0544,-1.1849,-0.99309,0
1.05,-1.0921,-1.0295,0
1.0401,-1.0141,-0.96712,0
1.046,-0.99921,-1.0658,0
1.0559,-1.0772,-1.1279,0
1.0524,-0.98433,-1.1643,0
1.0427,-0.90638,-1.1021,0
1.0495,-0.8915,-1.2007,0
1.04,-0.81355,-1.1386,0
1.0473,-0.79868,-1.2371,0
1.0567,-0.87663,-1.2993,0
1.0549,-0.78381,-1.3357,0
1.0456,-0.70586,-1.2736,0
1.0536,-0.69099,-1.3722,0
1.0447,-0.61304,-1.31,0
1.053,-0.59817,-1.4086,0
1.0442,-0.51723,-1.3459,0
1.0531,-0.50485,-1.4449,0
1.0447,-0.42295,-1.3833,0
1.0537,-0.41171,-1.4815,0
1.0458,-0.33458,-1.4192,0
1.055,-0.31957,-1.5178,0
1.0478,-0.24301,-1.4589,0
1.057,-0.22708,-1.5548,0
1.0502,-0.15046,-1.4959,0
1.0595,-0.13435,-1.5914,0
1.0529,-0.056422,-1.5293,0
1.0421,-0.076279,-1.4203,0
1.0463,0.020895,-1.4648,0
1.0563,0.036552,-1.5648,0
1.0505,0.11447,-1.5025,0
1.0616,-1.508,-0.58785,0
1.0408,0.10042,-1.4057,0
1.0453,0.19247,-1.4413,0
1.0551,0.20741,-1.5392,0
1.0503,0.28538,-1.4771,0
1.0404,0.27054,-1.3784,0
1.046,0.36335,-1.4148,0
1.0558,0.37823,-1.5134,0
1.052,0.45618,-1.4512,0
1.0422,0.4413,-1.3526,0
1.0487,0.53413,-1.389,0
1.039,0.51925,-1.2904,0
1.046,0.61207,-1.3268,0
1.0556,0.62695,-1.4254,0
1.0534,0.70489,-1.3633,0
1.044,0.69001,-1.2647,0
1.0518,0.78284,-1.3011,0
1.0427,0.76766,-1.2032,0
1.0508,0.86073,-1.239,0
1.042,0.8463,-1.141,0
1.0505,0.93878,-1.1769,0
1.042,0.92483,-1.0784,0
1.0508,1.0168,-1.1146,0
1.0427,1.002,-1.016,0
1.0518,1.0946,-1.0524,0
1.044,1.0798,-0.95377,0
1.0534,1.1726,-0.99018,0
1.0461,1.1577,-0.89158,0
1.0557,1.2505,-0.928,0
1.0488,1.2356,-0.8294,0
1.0585,1.3284,-0.86581,0
1.052,1.3136,-0.76722,0
1.0425,1.2224,-0.73291,0
1.046,1.299,-0.66898,0
1.0559,1.3916,-0.7051,0
1.0503,1.3767,-0.60652,0
1.0407,1.2878,-0.57048,0
1.0453,1.3623,-0.50785,0
1.0552,1.4547,-0.54428,0
1.0506,1.4398,-0.44568,0
1.0404,1.3435,-0.40988,0
1.0465,1.4243,-0.34719,0
1.0564,1.5176,-0.38351,0
1.0528,1.5027,-0.28492,0
1.0431,1.4098,-0.24851,0
1.0499,1.4879,-0.18631,0
1.0402,1.395,-0.1499,0
1.0475,1.473,-0.087718,0
1.057,1.5658,-0.12413,0
1.055,1.5509,-0.025534,0
1.0458,1.4581,0.010874,0
1.0537,1.5361,0.073058,0
1.0446,1.442,0.10927,0
1.053,1.521,0.17162,0
1.0442,1.4268,0.20782,0
1.053,1.506,0.2702,0
1.0445,1.412,0.30642,0
1.0536,1.4911,0.36879,0
1.0455,1.3971,0.40502,0
1.0548,1.4762,0.46738,0
1.0472,1.3834,0.50379,0
1.0567,1.4617,0.56601,0
1.0495,1.3688,0.60242,0
1.0591,1.4468,0.66461,0
1.0524,1.3539,0.70101,0
1.0427,1.276,0.63883,0
1.046,1.2611,0.73742,0
1.0559,1.3391,0.79961,0
1.05,1.2462,0.83601,0
1.0597,0.87565,-1.3375,0
1.0591,1.0315,-1.2131,0
1.0358,1.3355,0.24446,0
1.0598,1.3242,0.8982,0
1.0545,1.2314,0.9346,0
1.0445,1.1534,0.87242,0
1.0495,1.1385,0.97101,0
1.0396,1.0606,0.90882,0
1.0451,1.0457,1.0074,0
1.055,1.1236,1.0696,0
1.0511,1.0308,1.106,0
1.0413,0.95288,1.0438,0
1.0477,0.93799,1.1424,0
1.038,0.86006,1.0802,0
1.045,0.84517,1.1788,0
1.0546,0.92311,1.241,0
1.0523,0.83028,1.2774,0
1.0429,0.75235,1.2152,0
1.0506,0.73746,1.3138,0
1.0416,0.6614,1.2522,0
1.0496,0.64495,1.3503,0
1.0408,0.56739,1.289,0
1.0492,0.55198,1.3868,0
1.0407,0.47313,1.3257,0
1.0494,0.45889,1.4233,0
1.0414,0.3816,1.3628,0
1.0504,0.36624,1.4598,0
1.0428,0.28902,1.3994,0
1.0519,0.27348,1.4962,0
1.0446,0.19556,1.4341,0
1.0541,0.18056,1.5324,0
1.0473,0.10261,1.4701,0
1.057,0.087703,1.5687,0
1.0506,0.0097581,1.5065,0
1.0585,0.72262,1.4124,0
1.0578,0.53693,1.4852,0
1.0595,0.35128,1.558,0
1.0408,0.024644,1.4079,0
1.0446,-0.068186,1.4443,0
1.0545,-0.083074,1.5428,0
1.049,-0.16101,1.4807,0
1.0589,-0.1759,1.5792,0
1.0538,-0.25384,1.5171,0
1.0439,-0.23895,1.4185,0
1.0493,-0.33178,1.4549,0
1.0394,-0.31689,1.3563,0
1.0453,-0.40972,1.3927,0
1.0551,-0.4246,1.4913,0
1.0516,-0.50254,1.4291,0
1.0419,-0.48765,1.3305,0
1.0486,-0.58048,1.3669,0
1.0582,-0.59537,1.4655,0
1.0628,1.2654,-1.0266,0
1.0375,-0.23947,-1.3542,0
1.0619,1.614,0.13524,0
1.0557,-0.67331,1.4033,0
1.0625,1.5676,0.43304,0
1.0604,-1.5637,0.36168,0
1.0362,1.1832,0.67524,0
1.0339,0.91146,-0.9807,0
1.0329,-1.2958,-0.30088,0
1.0626,1.5956,-0.32132,0
1.0602,-0.99956,1.2534,0
1.0605,-0.92164,1.3155,0
1.0621,-1.0623,-1.2265,0
1.0609,1.1088,1.1682,0
1.0347,0.67487,-1.1668,0
1.0618,0.47105,-1.5498,0
1.034,0.6781,1.1562,0
1.0617,0.90822,1.3396,0
1.0341,-1.1589,0.67634,0
1.0637,-0.26873,1.6156,0
1.0614,-1.6119,0.10232,0
1.0643,-1.5786,0.46028,0
1.0615,-0.58322,-1.5071,0
1.0628,-0.3975,-1.58,0
1.033,0.3988,1.2699,0
1.0643,1.3093,0.99679,0
1.0377,1.302,0.44694,0
1.0644,1.6438,-0.061942,0
1.0339,-1.3383,-0.0054703,0
1.0628,0.71977,-1.4618,0
1.0641,-0.86176,-1.3979,0
1.0356,-0.5316,-1.2472,0
1.0637,0.16564,1.6308,0
1.0648,-1.4524,0.78185,0
1.0657,0.39311,-1.612,0
1.0361,1.3611,0.044942,0
1.0363,1.0648,-0.85058,0
1.0667,0.072804,1.6672,0
1.0651,-0.6882,1.5019,0
1.034,-0.22406,1.3199,0
1.0661,1.5396,0.6282,0
1.033,-0.82842,-1.04,0
1.034,-1.2489,-0.48876,0
1.0656,-1.1551,-1.1901,0
1.0333,1.3171,-0.21209,0
1.0678,-0.61026,1.5641,0
1.0304,-0.73561,-1.0764,0
1.0343,0.20439,1.3284,0
1.0687,1.5247,0.72679,0
1.0662,1.6105,-0.41991,0
1.0462,-0.65837,1.3047,0
1.0295,-0.302,1.2577,0
1.0687,-0.19079,1.6778,0
1.0689,-1.5304,0.71966,0
1.0664,-0.21205,-1.6529,0
1.0723,1.6884,-0.35772,0
1.0324,0.42643,-1.254,0
1.0718,-1.1402,-1.2887,0
1.0691,-0.11925,-1.6894,0
1.0697,1.4021,0.96039,0
1.0702,-1.6565,0.39811,0
1.0315,0.87494,0.98164,0
1.031,-1.2853,0.25241,0
1.0716,0.48593,-1.6484,0
1.0689,-1.0144,1.352,0
1.0694,-0.93652,1.4141,0
1.0689,-1.0924,1.2898,0
1.0285,-1.0159,0.78746,0
1.0331,1.1988,0.57859,0
1.0264,1.1054,0.61338,0
1.0338,-1.2371,0.51177,0
1.0346,1.0755,0.81023,0
1.029,-1.2222,0.41317,0
1.0297,0.98265,0.84664,0
1.028,-1.2704,0.15382,0
1.0294,0.50437,-1.1918,0
1.0285,0.7834,1.0182,0
1.0307,1.3025,-0.11388,0
1.0347,-0.053298,1.3457,0
1.0314,0.03576,1.314,0
1.0178,-0.84675,0.81873,0
1.0648,1.2016,1.1318,0
1.0665,1.6587,-0.16054,0
1.0737,1.7366,-0.098351,0
1.072,1.7217,0.0002442,0
1.0661,-0.95458,-1.3615,0
1.0734,-0.93971,-1.4601,0
1.0718,-0.84689,-1.4965,0
1.0642,1.0011,1.3032,0
1.0712,0.98617,1.4018,0
1.0691,0.89334,1.4382,0
1.0652,0.64182,-1.524,0
1.0722,0.73465,-1.5604,0
1.0702,0.8126,-1.4983,0
1.0638,-1.6268,0.20092,0
1.0708,-1.7048,0.13875,0
1.0688,-1.6899,0.04015,0
1.0737,1.0789,1.3652,0
1.0434,-0.81399,1.1804,0
1.0707,1.1867,1.2304,0
1.0233,-0.75048,-0.97779,0
1.0264,-0.84329,-0.94137,0
1.0732,0.15118,1.7289,0
1.0708,0.24365,1.6929,0
1.0236,1.2244,-0.17574,0
1.0268,1.2392,-0.27426,0
1.074,1.3867,1.0575,0
1.0733,-1.7192,0.23682,0
1.0734,-0.28428,1.7126,0
1.069,-0.36167,1.6518,0
1.0786,-0.37723,1.7486,0
1.0746,-0.45454,1.6881,0
1.024,-0.20918,1.2213,0
1.0739,-1.6695,0.49699,0
1.0194,-0.29154,1.1571,0
1.0256,-0.37993,1.1955,0
1.0801,-1.7961,0.17668,0
1.0211,1.2094,-0.07709,0
1.0745,0.65543,-1.6208,0
1.0816,0.74226,-1.6618,0
1.0233,1.1201,0.51575,0
1.0743,-1.5422,0.81871,0
1.0708,-1.4668,0.88049,0
1.0686,-1.5931,0.55892,0
1.0745,1.2776,1.1936,0
1.0537,-0.75117,1.3411,0
1.0743,-0.70129,1.5982,0
1.0723,-0.78063,1.5379,0
1.0771,-0.62318,1.6603,0
1.0752,0.40609,-1.7082,0
1.07,0.31484,-1.6738,0
1.025,-0.039928,1.2492,0
1.0203,-0.65673,-1.0073,0
1.0283,-0.642,-1.11,0
1.025,1.001,0.74856,0
1.0169,1.0326,0.54865,0
1.076,0.058357,1.7623,0
1.0701,-0.019952,1.703,0
1.0757,-0.19646,-1.7497,0
1.0736,-0.28998,-1.715,0
1.0752,-1.0311,-1.4201,0
1.0752,1.6137,0.68981,0
1.0733,1.6312,0.59237,0
1.0784,1.6025,0.79207,0
1.0718,1.5098,0.82539,0
1.0778,-1.6113,0.7589,0
1.0751,-1.2297,-1.2517,0
1.0696,-1.2473,-1.1536,0
1.0817,-1.2205,-1.3523,0
1.0823,-1.0147,-1.5202,0
1.0755,1.7473,-0.19757,0
1.0239,-1.1442,0.47534,0
1.0195,-1.1348,0.37391,0
1.0217,0.053431,1.2156,0
1.0756,1.7005,-0.45281,0
1.0703,1.6249,-0.51792,0
1.0815,1.7774,-0.38944,0
1.0777,-0.20844,1.7679,0
1.0208,0.91559,0.78695,0
1.0771,-1.0265,1.447,0
1.0778,-0.9476,1.5079,0
1.0814,1.7336,-0.54973,0
1.0751,1.6427,-0.61614,0
1.0139,1.1315,-0.13927,0
1.0231,0.41455,-1.1592,0
1.0197,0.4895,-1.0933,0
1.0268,0.3389,-1.2226,0
1.0809,-1.332,-1.2304,0
1.0742,-1.3397,-1.1193,0
1.0777,-1.6772,0.59619,0
1.0136,-0.67253,-0.91562,0
1.0849,1.7318,-0.66151,0
1.0834,1.8337,-0.13932,0
1.0781,0.97221,1.496,0
1.0762,0.87697,1.5319,0
1.0223,0.79964,0.92566,0
1.0187,0.70419,0.95586,0
1.0097,-0.51404,0.96891,0
1.0172,-0.47868,1.0682,0
1.0812,-1.7621,0.4399,0
1.0799,-1.5542,0.91391,0
1.0767,-1.4775,0.9741,0
1.0814,-0.80056,1.632,0
1.0219,-1.1983,0.21649,0
1.0186,-1.1798,0.1194,0
1.0811,0.32567,-1.7861,0
1.0749,0.2372,-1.7363,0
1.0203,-0.58458,1.0507,0
1.0277,-0.55082,1.15,0
1.079,-0.1054,-1.791,0
1.0723,-0.026562,-1.7262,0
1.0819,-0.014902,-1.8241,0
1.0756,0.063038,-1.7586,0
1.0812,-0.036999,1.8156,0
1.081,1.4962,1.0258,0
1.0799,1.6542,-0.7166,0
1.0701,1.5623,-0.67929,0
1.0753,1.5752,-0.77616,0
1.014,-0.19789,1.1226,0
1.0084,1.0721,0.16117,0
1.017,1.1644,0.1173,0
1.0176,1.1542,0.22087,0
1.0084,-0.9511,0.52024,0
1.0169,-0.99705,0.61101,0
1.0179,-0.95136,0.69624,0
1.0084,-0.39369,-1.0101,0
1.0173,-0.37488,-1.1115,0
1.018,-0.28311,-1.1457,0
1.0265,-0.35759,-1.2133,0
1.0177,-0.46971,-1.0788,0
1.0083,0.030559,-1.0829,0
1.017,-0.021604,-1.1699,0
1.0176,-0.12579,-1.169,0
1.0256,-0.081681,-1.2535,0
1.0256,0.020584,-1.2562,0
1.0273,-0.17659,-1.2606,0
1.0084,0.71673,-0.8133,0
1.017,0.72953,-0.91481,0
1.0175,0.65137,-0.97833,0
1.017,0.80665,-0.84745,0
1.0255,0.74252,-1.0118,0
1.0083,-1.0829,-0.0071312,0
1.0168,-1.1659,-0.068988,0
1.0168,-1.1546,-0.17069,0
1.025,-1.2418,-0.1343,0
1.0085,0.53669,0.94261,0
1.0171,0.5248,1.0465,0
1.0169,0.43289,1.0859,0
1.0248,0.50781,1.1396,0
1.0081,0.24185,-1.0542,0
1.0165,0.2062,-1.1467,0
1.0178,0.090427,-1.1748,0
1.0255,0.16804,-1.2437,0
1.0089,0.23386,1.0633,0
1.017,0.1983,1.1533,0
1.0172,0.28621,1.137,0
1.0094,0.031435,1.0938,0
1.0089,-1.0378,-0.32937,0
1.017,-1.0979,-0.40481,0
1.0172,-1.0601,-0.50096,0
1.0171,-1.1268,-0.32143,0
1.0261,-1.1977,-0.3967,0
1.0089,-0.83311,-0.7009,0
1.0172,-0.93338,-0.70891,0
1.0167,-0.98282,-0.63088,0
1.0183,-0.88114,-0.78984,0
1.0257,-0.97596,-0.79365,0
1.0085,0.93009,-0.55914,0
1.0171,1.0328,-0.55277,0
1.0173,1.0792,-0.46174,0
1.018,0.98904,-0.64295,0
1.0178,0.92647,-0.72774,0
1.0261,1.0905,-0.63465,0
1.0279,1.0467,-0.73565,0
1.0088,1.0564,0.2616,0
1.0179,1.1328,0.32437,0
1.0091,0.80566,-0.73635,0
1.086,-1.0429,1.5466,0
1.0085,0.55043,-0.93472,0
1.0101,-0.8431,0.70865,0
1.01,-0.19123,-1.0839,0
1.0072,0.78555,0.72904,0
1.0259,1.2467,0.1728,0
1.0265,1.263,0.080597,0
1.0816,1.2689,1.3053,0
1.0089,-0.28299,1.0511,0
1.0816,0.23704,1.8052,0
1.078,0.32152,1.7552,0
1.0095,0.33667,1.0421,0
1.0095,-1.07,-0.23269,0
1.0818,0.50124,-1.7526,0
1.0822,1.7061,0.65073,0
1.0093,0.45287,-0.99485,0
1.0089,1.0219,-0.37811,0
1.0186,1.1244,-0.37856,0
1.0261,1.1744,-0.46206,0
1.0092,-0.95663,-0.52747,0
1.0852,-0.18685,-1.8475,0
1.0256,0.24747,1.2316,0
1.0093,-1.0413,0.33237,0
1.0258,-1.0499,0.69423,0
1.0809,1.7253,0.55538,0
1.0894,1.8313,0.50718,0
1.079,1.7346,0.45457,0
1.0097,0.93254,0.57815,0
1.0344,-0.13353,-1.3381,0
1.018,-1.0581,0.52327,0
1.024,0.15453,1.2309,0
1.0289,1.2346,-0.37479,0
1.0281,-0.92776,-0.88441,0
1.0841,-0.4692,1.7851,0
1.0893,-0.38612,1.8598,0
1.0089,1.0887,-0.045481,0
1.0094,0.6388,0.88836,0
1.0265,1.2321,0.28424,0
1.0191,1.1151,0.41808,0
1.0278,1.2189,0.38422,0
1.0858,1.8179,0.40893,0
1.0767,1.7335,0.35587,0
1.0183,-0.56104,-1.0411,0
1.0085,-0.75705,0.77788,0
1.035,1.3427,0.14471,0
1.0361,1.3163,0.34522,0
1.0178,0.6173,1.0025,0
1.0191,-0.11636,1.1849,0
1.0206,1.017,0.64822,0
1.0251,-1.2103,0.31541,0
1.0288,-1.1558,0.56919,0
1.0256,0.89123,0.88445,0
1.0272,0.58253,-1.1311,0
1.0261,-1.2596,0.059394,0
1.0401,1.1683,0.77383,0
1.0291,-0.13149,1.2838,0
1.0348,0.98888,-0.91725,0
1.038,0.11212,1.3759,0
1.0353,0.968,0.94546,0
1.0356,0.76934,1.1174,0
1.0377,-1.2427,-0.59666,0
1.0317,-1.1571,-0.63211,0
1.028,-1.1616,-0.54072,0
1.0341,-1.126,-0.73143,0
1.0391,1.1428,-0.79299,0
1.038,1.3799,-0.051913,0
1.0168,-0.76175,-0.8859,0
1.0347,-1.3006,0.35114,0
1.0401,1.2911,0.54337,0
1.0364,-0.6272,-1.2108,0
1.0271,-0.54812,-1.1456,0
1.0267,-0.45403,-1.1825,0
1.0356,-0.43793,-1.2832,0
1.0362,0.35035,-1.3169,0
1.0389,-1.249,0.61034,0
1.0363,1.3281,-0.31112,0
1.0359,-0.91985,-1.0001,0
1.0391,-0.14617,1.3821,0
1.0302,1.0904,0.71164,0
1.0351,1.1969,-0.6283,0
1.0355,-0.39482,1.2941,0
1.0321,-0.47276,1.2319,0
1.0387,-0.5656,1.265,0
1.0365,-0.64541,1.2024,0
1.0364,0.016849,-1.3646,0
1.0366,0.59719,-1.2286,0
1.0353,-1.3498,0.09259,0
1.0378,-0.72048,-1.1744,0
1.0273,-0.94011,0.85903,0
1.0608,-1.3853,-0.82144,0
1.0671,-1.4782,-0.78502,0
1.0706,-1.4633,-0.88361,0
1.0768,-1.5559,-0.84716,0
1.0737,-1.5708,-0.74856,0
1.082,-1.5549,-0.95516,0
1.0746,-1.4484,-0.98221,0
1.085,-1.6264,-0.89298,0
1.0618,1.4064,-0.80364,0
1.0681,1.4213,-0.90223,0
1.0604,0.12946,-1.6013,0
1.063,-0.76596,1.4396,0
1.0594,-1.2777,-0.95649,0
1.0602,1.4695,-0.64287,0
1.0613,-0.51743,1.5277,0
1.0627,-0.76894,-1.4343,0
1.0707,-0.75407,-1.5329,0
1.0799,-0.83276,-1.5981,0
1.0782,-0.73646,-1.6258,0
1.0621,1.4319,0.7632,0
1.0626,-0.041411,-1.6274,0
1.0812,-0.9248,-1.5628,0
1.0902,-1,-1.6259,0
1.0594,1.2165,1.0332,0
1.0588,-1.5006,0.52246,0
1.0605,-1.0775,1.1912,0
1.0694,-1.1703,1.2277,0
1.0771,-1.1821,1.3224,0
1.0784,-1.2632,1.2641,0
1.0706,-1.2483,1.1655,0
1.0797,-1.3411,1.2019,0
1.0723,-1.3262,1.1033,0
1.0816,-1.4191,1.1397,0
1.063,-1.2334,1.0669,0
1.0604,-0.0051208,1.6049,0
1.0595,1.5807,-0.22272,0
1.0591,-0.96945,-1.2629,0
1.0598,-1.17,-1.0915,0
1.0592,-0.34669,1.5534,0
1.0574,1.0159,1.2046,0
1.0584,0.549,-1.4876,0
1.0605,1.5325,-0.48199,0
1.057,-1.5489,0.26309,0
1.0602,0.30029,-1.5756,0
1.0628,1.6289,0.03665,0
1.0598,0.81541,1.376,0
1.061,0.79771,-1.3997,0
1.0596,-1.5971,0.0037272,0
1.0811,0.83899,-1.6099,0
1.0778,0.90542,-1.5347,0
1.0781,-1.7827,0.076575,0
1.0762,-1.7656,-0.024796,0
1.0614,1.5984,0.23231,0
1.0695,1.6856,0.19767,0
1.0591,0.9536,-1.2754,0
1.0676,1.0464,-1.3117,0
1.0679,1.1244,-1.2495,0
1.076,1.1386,-1.3464,0
1.0759,1.0588,-1.4085,0
1.0765,1.2135,-1.2862,0
1.0687,1.2017,-1.1874,0
1.0775,1.2916,-1.2225,0
1.0842,1.2251,-1.3818,0
1.0578,-1.5676,-0.1935,0
1.0663,-1.6453,-0.25564,0
1.0666,-1.6305,-0.35423,0
1.0749,-1.7229,-0.3183,0
1.0749,-1.7381,-0.2192,0
1.0752,-1.7053,-0.41603,0
1.0675,-1.6151,-0.45276,0
1.0763,-1.6895,-0.51505,0
1.0831,-1.7965,-0.37609,0
1.0811,1.8145,-0.036164,0
1.0799,1.8005,0.071985,0
1.0867,1.8672,0.14069,0
1.0578,0.62984,1.4489,0
1.0663,0.61486,1.5474,0
1.0665,0.52204,1.5838,0
1.0746,0.6,1.6436,0
1.0747,0.69256,1.6075,0
1.0753,0.50687,1.6818,0
1.0619,-0.49022,-1.5436,0
1.0701,-0.56809,-1.605,0
1.0617,1.5831,0.33239,0
1.0767,-1.1034,1.3836,0
1.085,-1.1932,1.4204,0
1.0807,1.069,1.4616,0
1.0583,0.4441,1.5216,0
1.0597,1.1094,-1.151,0
1.064,1.5534,0.53071,0
1.0643,-0.30483,-1.6165,0
1.0585,-1.5376,-0.39064,0
1.0613,0.2585,1.5945,0
1.0641,-1.493,-0.68642,0
1.0652,1.3433,-0.96441,0
1.0722,1.3582,-1.063,0
1.0612,-1.3745,0.84415,0
1.0524,-1.0627,1.0926,0
1.0343,-0.79686,1.0806,0
1.0675,0.80027,1.4738,0
1.0648,-1.3705,-0.92004,0
1.0688,0.89054,-1.4361,0
1.0674,-1.6747,-0.058906,0
1.0618,-0.6761,-1.4707,0
1.0676,-1.3885,0.94181,0
1.0688,0.33641,1.6566,0
1.0661,0.05091,-1.663,0
1.0656,1.417,0.86179,0
1.0643,-0.097949,1.6413,0
1.0649,-0.43951,1.5898,0
1.061,1.1873,-1.0888,0
1.0643,-1.2625,-1.0554,0
1.0636,-1.5155,0.62107,0
1.065,0.22227,-1.6377,0
1.0651,1.5478,-0.58041,0
1.0691,1.6728,-0.25924,0
1.0597,-1.5227,-0.48923,0
1.0671,1.0939,1.2668,0
1.0681,0.56366,-1.5859,0
1.0667,-1.6416,0.29943,0
1.0687,-1.0472,-1.3245,0
1.0692,1.294,1.0951,0
1.0707,1.7056,0.10349,0
1.0614,-1.1555,1.1291,0
1.0708,-0.47548,-1.6421,0
1.0792,-0.55895,-1.7059,0
1.0806,-0.46933,-1.7483,0
1.0902,-0.46153,-1.8518,0
1.0828,-0.36247,-1.796,0
1.086,-0.64557,-1.7496,0
1.0693,-1.3554,-1.019,0
1.0746,1.4348,-0.99999,0
1.0772,1.5085,-0.93692,0
1.0813,1.4504,-1.0954,0
1.07,-0.66083,-1.5684,0
1.073,-1.603,0.65837,0
1.0666,0.70763,1.5105,0
1.069,-1.6,-0.55141,0
1.0782,-1.6774,-0.61417,0
1.0782,1.7607,-0.29551,0
1.0888,1.8664,-0.32393,0
1.0768,1.1718,1.329,0
1.0772,0.5764,-1.6797,0
1.0678,0.96806,-1.3736,0
1.0665,-1.6602,-0.15712,0
1.0762,-1.7332,0.33572,0
1.0784,-1.129,-1.3865,0
1.0709,-0.53202,1.6258,0
1.0741,-0.11285,1.74,0
1.0754,1.4949,0.92398,0
1.0724,-0.38326,-1.683,0
1.0674,0.42917,1.6201,0
1.0702,0.14369,-1.6992,0
1.0556,-1.2186,0.96839,0
1.0657,1.484,-0.74119,0
1.0702,1.2803,-1.1252,0
1.0806,-0.54802,1.725,0
1.086,-0.64101,1.7518,0
1.0711,-1.5855,-0.65009,0
1.0807,1.3853,1.1677,0
1.0716,1.4992,-0.84005,0
1.0793,1.3731,-1.1589,0
1.0898,1.4784,-1.2,0
1.0766,0.98112,-1.4724,0
1.0847,0.99652,-1.5615,0
1.0753,-1.7521,-0.12003,0
1.0838,-1.841,-0.085497,0
1.0754,0.78555,1.5715,0
1.0836,0.85664,1.6294,0
1.0764,0.41298,1.7185,0
1.0847,0.40065,1.8079,0
1.065,-1.3113,1.0046,0
1.0744,-1.4033,1.0402,0
1.0807,-1.4456,-1.0924,0
1.082,1.5983,-0.87974,0
1.0812,0.14888,-1.8103,0
1.0805,-1.6626,-0.71412,0
1.0893,-1.7724,-0.68184,0
1.0841,-1.5004,1.0757,0
1.017,1.1485,-0.23058,0
1.0351,-0.72083,1.1424,0
1.0444,-0.73644,1.2416,0
1.0524,-0.82888,1.2789,0
1.0615,-0.84379,1.3775,0
1.0705,-0.85801,1.4753,0
1.0797,-0.87355,1.5747,0
1.0087,-1.0816,0.10658,0
1.0879,-0.81375,-1.6995,0
1.0828,-1.6445,-0.80975,0
1.0818,1.5895,0.89082,0
1.083,1.1563,1.4249,0
1.0907,1.9123,-0.058553,0
1.0084,0.97526,0.47274,0
1.0887,1.0569,1.5712,0
1.0831,0.76554,1.668,0
1.0179,0.56617,-1.0339,0
1.0328,-1.3121,-0.20339,0
1.0289,1.2892,-0.017242,0
1.0255,1.1305,-0.54756,0
1.0355,0.1807,-1.3436,0
1.0276,-0.26823,-1.2472,0
1.0908,-1.5061,1.182,0
1.083,-1.8135,-0.27917,0
1.0825,-1.8088,0.27232,0
1.09,-1.8937,0.21862,0
1.0828,0.12923,1.8278,0
1.0354,1.2688,-0.47692,0
1.0851,-1.766,-0.57255,0
1.0176,1.1761,0.020668,0
1.0777,-0.64651,-1.6588,0
1.0268,0.96873,-0.81871,0
1.0911,1.4994,1.1957,0
1.0911,1.3729,1.3391,0
1.0912,-0.18982,1.9092,0
1.0905,1.6047,1.0402,0
1.0911,-2.4538e-09,1.9178,0
1.0891,1.6917,0.85866,0
1.0905,0.19657,-1.9014,0
1.091,-1.3636,1.3473,0
1.0904,-0.8141,1.7283,0
1.0911,1.7066,-0.87491,0
1.0912,-1.7507,0.786,0
1.0911,-1.5571,-1.1195,0
1.0912,-1.819,0.60967,0
1.0906,0.38219,-1.8741,0
1.0908,0.19113,1.9052,0
1.0911,1.6113,-1.0409,0
1.0895,-1.6439,0.95507,0
1.0904,-1.4335,-1.2627,0
1.091,0.65625,1.8014,0
1.0911,-1.8697,0.42675,0
1.0911,0.56528,-1.8326,0
1.0917,-1.0129,1.6363,0
1.0901,0.82852,-1.7182,0
1.0905,0.74036,-1.7629,0
1.0891,-1.2133,-1.4591,0
1.0906,-1.303,-1.4,0
1.0903,1.8957,0.22782,0
1.0835,1.8204,0.26681,0
1.0339,0.75237,-1.1078,0
1.0253,0.82116,-0.94621,0
1.0911,1.8163,-0.61672,0
1.0716,1.6445,0.49551,0
1.0903,1.8601,-0.43323,0
1.017,0.31677,-1.1265,0
1.0908,0.0065902,-1.9147,0
1.0166,-0.37521,1.1032,0
1.0099,-0.57709,-0.93528,0
1.0311,0.26145,-1.2849,0
1.0336,0.83407,-1.0438,0
1.0257,0.89452,-0.88372,0
1.0246,-1.2242,-0.23262,0
1.0259,0.65791,-1.0734,0
1.0349,-1.0345,-0.86699,0
1.0831,-1.8271,-0.18138,0
1.0265,0.69168,1.0591,0
1.083,0.58564,1.739,0
1.0838,0.48906,1.7763,0
1.0793,1.7875,0.18029,0
1.0157,0.81481,0.82056,0
1.0911,-1.8879,-0.33622,0
1.0828,0.67476,1.7041,0
1.0361,-0.34346,-1.3167,0
1.025,-1.0255,-0.71718,0
1.0326,0.49251,1.232,0
1.0912,-1.9141,-0.14219,0
1.0915,1.789,0.70213,0
1.0914,-1.0833,-1.5868,0
1.091,1.235,1.4663,0
1.0832,1.4617,1.1123,0
1.0692,1.6679,0.29324,0
1.0166,-0.032737,1.1654,0
1.016,-1.1259,0.27531,0
1.0312,0.096146,-1.3094,0
1.0922,-0.38029,-1.8918,0
1.07,1.6554,0.39659,0
1.0254,0.60209,1.0995,0
1.084,1.0719,-1.5011,0
1.0824,-0.29862,1.8036,0
1.0829,-1.6927,0.7052,0
1.0832,1.5228,-1.0269,0
1.0915,1.236,-1.4716,0
1.0833,-0.14532,1.8315,0
1.034,0.3081,1.305,0
1.0832,-1.7529,0.54891,0
1.0919,1.921,-0.1439,0
1.0815,-0.26417,-1.8,0
1.0914,0.8373,1.7289,0
1.083,-1.4071,-1.1776,0
1.091,-1.8669,-0.43481,0
1.086,1.3791,-1.2563,0
1.0834,-1.5175,-1.0392,0
1.0835,1.3458,1.2539,0
1.0249,0.42138,1.1757,0
1.0171,-1.17,0.029607,0
1.0303,1.2105,0.48359,0
1.034,-1.2819,-0.39343,0
1.0837,1.1481,-1.4405,0
1.033,0.58488,1.1947,0
1.0914,-1.7134,-0.8701,0
1.0287,-0.63878,1.1171,0
1.0863,-1.8652,0.11141,0
1.0919,-1.9261,-0.048035,0
1.0916,0.47062,1.8652,0
1.0832,0.65947,-1.7146,0
1.0191,0.88041,-0.80279,0
1.0253,-1.2518,-0.037969,0
1.0246,-1.0839,0.61481,0
1.0079,-0.69027,-0.82993,0
1.034,1.1389,-0.70594,0
1.0917,1.0813,-1.592,0
1.0836,1.6565,-0.80353,0
1.0236,-0.45182,1.1487,0
1.0921,1.3116,-1.4131,0
1.0333,-1.3289,-0.1046,0
1.0923,-1.567,1.1266,0
1.0834,-0.7189,1.6921,0
1.0202,-0.91927,0.77479,0
1.0921,0.92401,1.6919,0
1.0924,-0.47795,1.8709,0
1.0837,1.5668,0.96842,0
1.0836,-1.7791,-0.47424,0
1.0837,0.41152,-1.795,0
1.0833,0.24001,-1.8226,0
1.0828,-1.6196,0.85744,0
1.0927,1.8026,-0.70205,0
1.0078,1.0623,-0.18533,0
1.0843,-1.8105,0.36732,0
1.0843,0.049164,1.8477,0
1.0835,-1.2906,-1.3113,0
1.0163,0.93668,0.68955,0
1.0236,-1.0941,-0.57749,0
1.0423,-0.17146,-1.4129,0
1.0846,-1.8506,0.0092469,0
1.0339,-1.1093,0.75135,0
1.0846,1.2975,-1.3197,0
1.0159,0.11481,1.1534,0
1.0917,0.37953,1.8865,0
1.0916,1.0015,-1.6419,0
1.0324,1.2113,-0.5369,0
1.0842,-1.1051,-1.4796,0
1.0842,1.6881,0.74827,0
1.0151,0.40844,-1.0767,0
1.0253,-1.0719,-0.65017,0
1.02,-0.20845,-1.1822,0
1.0253,0.33612,1.2078,0
1.0061,-0.18412,1.0442,0
1.093,-0.19296,-1.9284,0
1.083,1.8193,-0.23713,0
1.0929,-1.8368,-0.61458,0
1.0206,-0.84201,-0.86303,0
1.0845,1.2243,1.3872,0
1.016,-1.0761,0.43206,0
1.0318,-1.0573,-0.78912,0
1.0836,1.7793,-0.4717,0
1.0838,0.94713,1.5812,0
1.0835,0.064474,-1.8396,0
1.083,-1.1042,1.4645,0
1.0931,-1.2447,1.4859,0
1.0931,1.8903,0.4308,0
1.0202,1.1628,-0.30781,0
1.0251,-1.2116,-0.31474,0
1.0918,-1.6599,-0.9762,0
1.0244,-1.1555,-0.46055,0
1.0179,0.36333,1.1215,0
1.0142,-1.1283,0.17524,0
1.0849,0.5898,-1.7582,0
1.0851,0.93146,-1.6056,0
1.085,1.5817,-0.96993,0
1.084,-1.2664,1.3405,0
1.0935,-1.0945,1.6053,0
1.0156,1.0569,0.46763,0
1.0936,1.4573,-1.2861,0
1.0327,-0.054416,-1.3269,0
1.0232,0.26019,-1.2043,0
1.0162,-0.62476,0.98032,0
1.0853,0.32603,1.8295,0
1.0148,0.73208,0.88389,0
1.0174,-1.1484,-0.24743,0
1.0842,-1.3359,1.2754,0
1.0845,-0.9502,1.5863,0
1.0935,-0.66407,-1.8259,0
1.0938,1.9403,0.14541,0
1.0837,-0.71057,-1.6992,0
1.0855,-1.7485,0.63342,0
1.0852,-0.22694,1.8432,0
1.0937,-1.9394,0.1431,0
1.0173,-1.0258,-0.56909,0
1.0851,-1.677,0.79597,0
1.0763,1.7463,0.26686,0
1.0839,-1.5548,0.99092,0
1.0936,-0.66403,1.8269,0
1.0072,1.0663,-0.11405,0
1.0827,1.8015,0.33277,0
1.0249,0.093801,-1.246,0
1.013,0.86509,0.72589,0
1.0302,0.11059,1.2982,0
